X1,X2,Y
2.9914115143366997,4.262267605538469,0.0
2.932484954237897,3.3202937542701667,0.0
1.8992628794587412,4.614175776224661,0.0
0.9044813714527771,3.6129849651593466,0.0
3.9291198433056644,5.642358866278455,0.0
0.20967019327860048,5.340930418950861,0.0
0.6236524736353994,3.528964193759238,0.0
0.17507526471578894,6.37140847028928,0.0
3.0421188673150716,4.335032146614213,0.0
1.3196245914140712,5.085844252721844,0.0
2.079593129427991,4.022565352334385,0.0
1.811931667311032,5.879055769896939,0.0
2.8194343358450964,7.60049092338355,0.0
0.8634180455482474,4.228353412430726,0.0
2.860672468628029,5.396867975695157,0.0
3.2241291228399573,6.335229033285399,0.0
1.0955580369801976,6.961396639019162,0.0
4.964410508343946,3.5014280081400715,0.0
2.8996944785324827,4.258249269581284,0.0
4.369868006644143,5.262888901939195,0.0
3.877490302887361,5.450428075826881,0.0
1.015050823715442,5.939177920933036,0.0
1.4732390621129268,4.565338725899272,0.0
2.251842391164008,5.363183172719052,0.0
0.3796220206129701,5.268929893248866,0.0
3.430755311590554,2.811107862867102,0.0
1.9216246473328604,2.533083604847717,0.0
4.313164090342587,6.789386155450772,0.0
4.17133278271446,4.899357542155172,0.0
0.7460959761288803,5.648978153518428,0.0
2.8395437451180614,5.6424581879595666,0.0
0.09734060232998609,5.017318984945488,0.0
1.926405176412792,4.7719939671961775,0.0
1.4176544417156802,5.25596953182237,0.0
0.9139895683834423,3.0942083017103013,0.0
1.8878032496450001,4.627674302901755,0.0
1.1542173361705452,5.240102540614159,0.0
3.3418568832213094,6.1794561932404655,0.0
0.8235326077186089,5.451962200483976,0.0
0.5490501026771122,4.636155199119034,0.0
1.2191464979382376,1.01220716396571,0.0
2.9981091234057056,5.9176599921089075,0.0
0.4093342747413342,3.0645949906288203,0.0
-1.1888152347991547,3.5900171482645433,0.0
-0.4225020853426833,5.678449706419261,0.0
5.300350363924324,4.268209178949583,0.0
-0.3294240871011098,4.281720659933855,0.0
1.020619297305695,6.097722147522531,0.0
1.7731977411610305,5.534761753451981,0.0
3.8617554232409033,6.716915029398199,0.0
-0.601818206686576,2.072047890390351,0.0
1.4998829015432833,6.277496410401779,0.0
2.5869268356963393,4.119203360439603,0.0
3.4318892964671606,5.992262023788664,0.0
1.757143461192577,4.642223948715022,0.0
1.8116765906893575,8.206887197167815,0.0
1.9293299160989148,4.611651418871202,0.0
1.9479939952818932,5.351626407395198,0.0
2.1615457203017447,5.521049024921632,0.0
2.898698529529088,6.178190119947376,0.0
4.000122045879036,2.2265053662695053,0.0
3.0783733325705978,4.9135755954949225,0.0
2.0312769186861526,4.351920845943288,0.0
4.2649947997799424,5.916038701316672,0.0
1.3102310764340004,6.012182940649893,0.0
-2.329868463961663,4.340764783786078,0.0
1.593227949729525,4.848064892222863,0.0
1.100297197154411,5.396062093855246,0.0
-1.572753003860138,4.024493235143378,0.0
3.3378785589674624,5.428045173250282,0.0
1.5859378384237657,3.5652535586863685,0.0
5.430916068404713,5.1184101724539195,0.0
1.0572166630861393,3.102967693386457,0.0
2.6544615371111964,3.111518277314614,0.0
1.437313019822863,4.96645349857727,0.0
3.454935841880115,6.0227539873966185,0.0
2.709459438149201,4.878481288423823,0.0
3.4916154019992542,2.600375634807686,0.0
-0.14542192402179532,5.352706911530793,0.0
2.568397339783934,6.124971804762736,0.0
3.1304347639770094,3.882985188144491,0.0
3.658585317050888,7.8189459436504,0.0
4.350852792876287,7.938382971912695,0.0
1.6151567603712667,4.574885473258555,0.0
0.4348493318836282,4.649431757813735,0.0
-0.21222805771906694,6.470193694998778,0.0
5.264764023830367,3.600179214968581,0.0
-1.2159460797725945,7.675289075784633,0.0
1.5625841290455087,4.970401844576904,0.0
4.413295312019846,5.721537857545424,0.0
-0.44530481464599525,3.4970525792075007,0.0
2.0015880068617635,5.604604389204017,0.0
3.0953566367708296,5.795024636070875,0.0
3.7103223100539484,4.11751896415053,0.0
1.6135423598343963,6.550263899035483,0.0
2.8773059343880942,6.329824662945607,0.0
5.447616669857468,4.9376012852248845,0.0
1.5315927227250807,5.314611018856334,0.0
0.29313012215523804,4.629017397259412,0.0
2.4220006658260096,1.5626528813061897,0.0
1.8494575581916948,6.075939674632046,0.0
0.7490536899228442,6.935559504,0.0
1.9200926333959398,6.522675878085181,0.0
1.1468548112820027,5.220944894328686,0.0
3.168957945917485,3.4666535988140748,0.0
-0.14102251430943058,3.5314552324609148,0.0
1.3972163057106601,7.68294665176845,0.0
-0.4008282839475239,2.5279623799988635,0.0
0.981708137319478,6.728192919423535,0.0
0.15664912698087874,4.500402875376399,0.0
1.941159148951675,5.492582440516557,0.0
1.6444466894986136,4.6287244341597855,0.0
0.9937662664199494,2.7805376413544107,0.0
1.7619463517198335,4.218265438394557,0.0
4.83505412376851,3.7416771050578808,0.0
0.38821007966912036,3.208648629875145,0.0
2.178278941261762,6.2561016164403895,0.0
1.4889782953013215,5.588356961526689,0.0
2.7004453736618728,5.670019607155722,0.0
1.0525659089312591,3.686753797514367,0.0
2.654445798801354,5.4626948117512635,0.0
1.2054710370264217,3.35628371562424,0.0
4.838671649565335,4.8166415653874015,0.0
2.1341458780163256,3.7384194095779275,0.0
2.4432566376688887,5.58576819486707,0.0
2.921827296745101,4.202140428827152,0.0
0.5346293910993931,3.5789735408257046,0.0
1.4740469339797242,5.503682759548254,0.0
0.8039643451453309,3.1124839686756482,0.0
3.2485636151805237,5.287831600697638,0.0
3.590639376746477,4.6468443639477535,0.0
3.068291652013484,1.6838477700821524,0.0
3.8651151604134153,4.536706451698899,0.0
0.8178222920837497,4.188548423648649,0.0
1.6446530065525204,5.345828392907174,0.0
3.0503592149534575,6.409548320655687,0.0
2.5326118352092752,3.36709783281513,0.0
0.5756600245901033,7.641534667452356,0.0
1.6179562949780713,4.69994693106324,0.0
2.253415210602993,2.897946141654908,0.0
2.143277521253148,5.8554636107986955,0.0
3.1220414733939217,4.08867550412312,0.0
3.2156860397978075,3.564778870894486,0.0
3.080673745843508,3.636147978485094,0.0
1.9472840856821891,3.5388918226483685,0.0
3.0956685528233345,5.3372929273756755,0.0
1.1866577472799125,5.959498973434667,0.0
-0.993626441227677,6.022203262054099,0.0
2.2822886286293063,4.088158725059433,0.0
1.4154466154566272,5.853037481403977,0.0
3.7195248775108807,5.37306449710506,0.0
0.6809051677619999,5.57936917160685,0.0
4.244294425643279,5.22055397278124,0.0
2.8024537414907282,4.643323932788894,0.0
-0.03712507225602435,5.4023351234644394,0.0
4.420649510185013,5.164139980045511,0.0
3.0976624066986096,4.956894404673401,0.0
3.9889155823916913,7.232493307904109,0.0
0.3514133902944565,6.7782727136185965,0.0
2.934737406542234,6.018329906960721,0.0
1.6660154445704105,5.3766126552085165,0.0
0.5096339271868908,5.762918796471952,0.0
3.3266455168481057,3.69780500731264,0.0
0.7982544106508327,7.035448756791299,0.0
3.3430523416216333,5.981718296801061,0.0
1.7096000229200354,3.3195142364887538,0.0
3.358096465658364,5.21800424787609,0.0
1.8143399589078224,2.3650825061433927,0.0
1.7650351422905954,4.684218519518297,0.0
3.381861672988131,5.664834090147926,0.0
0.9261467319343544,2.1885143253707775,0.0
-1.8317537090582956,5.3053284049547855,0.0
3.0242212702078834,5.607805243857252,0.0
2.4618787489165674,3.346079160767415,0.0
2.547192962942707,5.108199833910109,0.0
2.635570224798231,5.163598405830815,0.0
0.6841256079991336,3.3739209813056847,0.0
2.712286088844474,5.662899377735143,0.0
1.6373961452584687,4.187340970577128,0.0
2.2431123687415795,7.303583204152064,0.0
4.280031646183412,4.735782224264517,0.0
0.3900913479001129,9.150959809924391,0.0
2.2695785775903885,8.302014733548567,0.0
2.1950718780443186,5.612723544326466,0.0
5.448249006506098,3.352941122975398,0.0
1.3130993895392309,6.579809567598413,0.0
1.574771095879592,4.168391031871158,0.0
2.6428684717049538,4.392290659748277,0.0
1.3803489020628708,5.239313966023301,0.0
0.9535079155006865,2.7290466506442974,0.0
2.779298622728747,5.618175405551493,0.0
0.34742862237987393,6.336024274616726,0.0
2.3911289836234095,3.0985683521745746,0.0
1.8020351732452555,6.507747471108935,0.0
3.3536699572164865,5.756058692438564,0.0
0.2875556949616853,6.766534840283833,0.0
0.9921602775099623,6.71630119022427,0.0
1.5528549396246114,4.510218161138116,0.0
0.3486563513432033,4.411231658874349,0.0
0.7940078470330425,1.7561775490415057,0.0
-0.13317279913613111,5.04653055935672,0.0
2.1461020590238524,4.668860242747219,0.0
1.9131609984061988,3.729837458424277,0.0
0.2666201828771282,6.577650141275829,0.0
0.4357942020986436,4.4698428440904845,0.0
3.581793221401554,6.572443141628463,0.0
2.0716048847371593,8.006543494104914,0.0
3.3118340891309836,5.769945560958893,0.0
0.9090150527134062,5.244796917049725,0.0
4.5435857854796105,7.077305686178734,0.0
1.4510091550945807,6.16418902048887,0.0
4.105441090777755,5.906111075772146,0.0
0.0898044571129668,2.9503681936425097,0.0
0.25989898140890366,2.5217338898482455,0.0
1.043204733108865,1.3746258506955598,0.0
1.9571075892736478,4.408757010970051,0.0
0.5965224722976641,3.1863345090421014,0.0
1.387074397208483,3.4530984562647755,0.0
3.604669175473714,5.0405923740632,0.0
2.4037794242615056,3.7592703499518354,0.0
1.9395747878083847,6.70389499399586,0.0
3.044815474357038,2.429491534175665,0.0
5.014630049757843,4.073180898040114,0.0
2.4190543422455972,7.611498219356,0.0
2.544218458082374,5.9939809882365305,0.0
0.6209634344828048,6.074933088767731,0.0
-0.34335423693476175,4.7596656895165275,0.0
2.1098896722237255,5.135750607159017,0.0
-0.2680411696139968,7.646182690004366,0.0
4.505650611956394,5.773343563554565,0.0
0.5949500605958733,5.209556076626,0.0
0.07413773319580486,6.929997645421218,0.0
4.285952884633993,4.9326090181680735,0.0
2.709435958525261,6.988881272042423,0.0
5.2110419676787485,2.45226265461289,0.0
3.136114591434036,6.877993456090545,0.0
1.625836327231132,7.089415738555955,0.0
1.3110262375924955,5.308890823317689,0.0
2.0343936217011684,5.34868946134527,0.0
2.8595367034536565,7.489130537850531,0.0
2.065957390486483,5.030314872464485,0.0
3.582357801580007,1.2639112762482503,0.0
2.9394156588759612,4.966349311407098,0.0
2.380824834655876,3.360657336709625,0.0
0.3413718345896084,4.216309625384634,0.0
-0.3143558679538332,7.494855949865245,0.0
-0.31355642821980556,4.6631583463095945,0.0
6.358270353867098,5.012811570194129,0.0
2.194992700987385,4.363385258250025,0.0
2.2177219723786536,5.507671358699649,0.0
2.4741722330658313,4.474781117822539,0.0
0.5612377751232396,5.443188029873062,0.0
2.5809359395309563,4.443396844508577,0.0
-0.11109350706133503,6.115088047100756,0.0
2.465041316594853,4.845522078516295,0.0
1.5574445338336336,3.455685839337228,0.0
3.7872655507496513,4.272503392103966,0.0
3.714741235110176,3.1273025361095836,0.0
2.782218275671731,2.9603278165815166,0.0
0.5901430159825412,4.170595228446341,0.0
1.6143530464471778,7.273327457442545,0.0
1.2769960253666082,5.811674835243014,0.0
1.6199891192099165,8.397789042442598,0.0
3.6656840377276096,5.264820715733994,0.0
1.6752801226741196,6.843525341673847,0.0
3.301738874590368,6.828704592489817,0.0
0.6169081312063358,4.112059548120628,0.0
0.6283450276382636,7.554621967962716,0.0
2.6574279006285093,2.059477119061569,0.0
4.365844340404697,2.909896907718977,0.0
-0.2234443192813398,4.196159467072558,0.0
1.3379046800998873,4.452894861733161,0.0
4.036727574843675,5.823007208515872,0.0
0.30228858372420997,4.347580109281009,0.0
0.24347566722034464,4.132027176887464,0.0
3.409933849825384,5.200138830660126,0.0
1.129674849653656,6.318031062373972,0.0
2.657333949737577,4.213755116172752,0.0
1.4746782934403617,2.654333316942366,0.0
0.08705669406646388,6.288035440885263,0.0
1.6749625662732042,3.921939981348573,0.0
5.227835578067663,6.143332539193125,0.0
3.0739385815262272,6.255112789302123,0.0
1.4230253110990687,5.499973850828732,0.0
3.405829283332067,4.2259897734944705,0.0
1.7215186472978221,4.592498905703216,0.0
0.6546918338961405,4.965227649884086,0.0
1.9532118084422712,3.274377038917791,0.0
0.7114899713816625,6.091555981321588,0.0
2.1588627733859482,4.2534255666338865,0.0
2.0473904178571556,4.961189180109141,0.0
3.198627451195507,6.140077708316175,0.0
2.9751682754365794,5.806535481013929,0.0
2.163683919624083,4.824543161361313,0.0
2.2663517559542363,3.770833020231073,0.0
3.687222706375793,4.269416526779451,0.0
4.300517424461173,4.645222530162674,0.0
0.4085900442369219,4.060423627585161,0.0
4.5501045102741795,5.950431144050965,0.0
1.6691928514898402,6.248772877765357,0.0
-0.9863110635919514,3.3601201491309567,0.0
1.1652858184529715,5.236417004627482,0.0
0.22783352544833835,5.121210709829863,0.0
4.212667199988578,4.585187780730153,0.0
1.2926581207819992,6.000949600073056,0.0
1.5017095148196367,5.359663893938828,0.0
2.1756417704808033,3.1846595238957534,0.0
-0.052515406952693855,5.293375734009667,0.0
1.478241931301549,6.057969712222448,0.0
3.95618964098972,6.051025657502427,0.0
1.1668479783033128,4.547952289474945,0.0
0.34862576820206526,4.652991771071955,0.0
1.8040983391162164,5.660405167878996,0.0
3.2518674270609305,3.5744650827823268,0.0
1.8417227501746192,5.010642885121312,0.0
2.876495414450739,3.1212345769007124,0.0
1.800524703950384,6.4438790867805,0.0
0.6754167203284056,3.907445284324374,0.0
0.42816669025034915,5.998198230305036,0.0
3.9508628976565934,3.75692053281951,0.0
0.46293331753176936,7.133598331816428,0.0
-0.8413123119668207,4.70564583141413,0.0
4.749979899970009,6.3134960808802525,0.0
2.1250687402824897,6.335062930844964,0.0
1.2567741927762854,9.321828596211635,0.0
2.2479191014633924,4.492161749669956,0.0
2.2521053238048467,4.355136579272816,0.0
-0.4236541935253393,5.0377336083586375,0.0
4.796222909377157,5.025008779835961,0.0
3.9156808711374635,5.814300771593312,0.0
1.5335006094985408,3.6680064140487945,0.0
3.0133843744552307,5.48975235608373,0.0
-0.24774020580863043,4.694436758742041,0.0
3.5204638992811064,6.25299403570735,0.0
-0.5339883960847924,8.166448151155528,0.0
1.5457586171110138,3.685234980712594,0.0
2.914742695731494,2.666551454566036,0.0
1.6360938743240394,6.531633852609081,0.0
0.3843885575685242,5.780811129396188,0.0
0.8519348041961199,5.898805308504151,0.0
4.03894913477172,5.62877305786612,0.0
0.8863386922236189,3.4619970495420986,0.0
2.1593655461489294,4.6120595129961135,0.0
0.7168638244295717,4.73309993885293,0.0
2.9948214253020633,5.475494289594801,0.0
3.269004858772882,4.730760647462653,0.0
0.3982761307399758,4.036068207259138,0.0
3.747072783178659,5.053344108817166,0.0
0.7912858690566751,1.7060261474768277,0.0
5.09139267405599,7.160807957562985,0.0
3.164135559662215,5.742368617082311,0.0
2.2875135459956164,3.6410602172785334,0.0
2.9416007593563194,6.229394359347928,0.0
2.1570598506452225,4.535619493434643,0.0
2.885334471947901,2.483861284301472,0.0
2.4456842981511464,2.3469167705361516,0.0
-0.36709872801184096,6.132966980036695,0.0
-0.3678263623843536,4.798797295297309,0.0
0.35689671191237804,5.603520534273161,0.0
1.0911999504228698,5.820254263592937,0.0
3.4179254501892125,2.5190131960839146,0.0
0.5451202782583189,4.292942656005425,0.0
0.26626567678737567,4.653943833555116,0.0
0.016456049683238883,3.7044079769189624,0.0
1.252534035412447,5.559190389055579,0.0
0.5729189262041094,5.195574048026749,0.0
0.9554762804130679,5.107899783400856,0.0
3.4737460296810774,5.405391454534063,0.0
0.731677314113176,6.285899959398093,0.0
0.5887797450207335,4.814950170652606,0.0
2.8558259048097763,5.059513187959923,0.0
2.7606982981425388,6.899257302559247,0.0
-1.5766808762164253,3.899547891329951,0.0
1.600487467102141,2.750253632008262,0.0
2.03069335803405,5.413294598781141,0.0
-0.3677622226499735,7.823972098627263,0.0
4.149762329247518,4.156004188741554,0.0
0.7375291741978838,4.9717101291985095,0.0
3.0130898093099883,3.015838589022775,0.0
2.9657272949664724,3.6281229464282636,0.0
0.20950287807201629,6.900124202887661,0.0
2.1115290642604174,2.9491339461498733,0.0
1.7110727039673645,6.137687214630008,0.0
0.09402570854796788,5.637168091596587,0.0
3.9483883554763963,6.297812021338183,0.0
1.9664639784559266,3.1168192350669237,0.0
2.167089570121022,7.166437317257951,0.0
3.7333011852434472,5.410742302257184,0.0
1.044018015238974,0.7240703041971894,0.0
2.334921734806478,4.724898395434693,0.0
0.997965458491807,3.9376894558473348,0.0
0.8633824590537673,4.368195127445124,0.0
3.851098967031988,5.008826706642156,0.0
3.389852493364304,6.78429484804355,0.0
1.698631910666205,4.410818561864036,0.0
0.7679896552135028,3.976650529139067,0.0
4.564107133050661,3.9034185562617263,0.0
1.4928976823685676,5.717428697726328,0.0
0.3162912129771036,4.7446011312847265,0.0
1.4904551069510545,6.121355556052611,0.0
1.890777032738678,5.275733855455123,0.0
4.560048972194912,5.592624578100516,0.0
2.6186893622731144,2.1386746842571718,0.0
1.406524762737102,5.3595488050776305,0.0
3.620230320353854,4.675984642719739,0.0
2.801746956636551,3.967555103762061,0.0
2.880891013733308,2.8209775048866104,0.0
2.7987016908009856,4.646362905180365,0.0
2.3019753137088665,3.31418208526941,0.0
1.5889036838977042,6.916531251709127,0.0
1.204410126060238,4.159588142142968,0.0
2.0157605161509835,5.163106783171925,0.0
1.281381694913709,3.9175346290916426,0.0
2.6135307944652046,6.2739215349138,0.0
3.4869527802946934,6.009974190792212,0.0
2.7903052098118244,6.628759789894648,0.0
2.8445760542784515,2.9667276097929216,0.0
0.886185592067757,6.949945743020304,0.0
2.7857879232595257,4.74872407226571,0.0
3.6779088030719205,5.856513516158142,0.0
1.8348265483970907,3.5738549345646247,0.0
2.9002598454420356,5.02528074294938,0.0
1.0477282434279884,7.524765465851385,0.0
1.7436941079315553,6.129880422339422,0.0
2.71790354332307,3.9201534776036677,0.0
1.5726498450841446,3.665856473642192,0.0
0.9030440974504148,5.799654785348594,0.0
3.473442129173094,3.7255700223313193,0.0
2.1003391276886743,5.457405538290407,0.0
2.690002745301771,5.426043307144662,0.0
3.3883084534487704,5.355901257478142,0.0
5.078667212851105,5.547782005319209,0.0
-0.5880147385589192,5.590554912689055,0.0
2.1839448748502583,5.361658743626362,0.0
3.003235188373764,2.635473648363567,0.0
1.567514162647717,5.383585477516209,0.0
-0.4579368676462634,4.9649021550373185,0.0
1.9739067884755706,5.247288776732228,0.0
3.013708084637078,6.501010708897277,0.0
3.1094717029765864,5.162793026530321,0.0
3.3303518151962743,7.7532959202943506,0.0
2.394853966481108,5.657908091793749,0.0
2.6943116473914377,3.6654804268358214,0.0
3.150295858948235,2.1894618606969285,0.0
0.3775148887370059,4.1637710682666205,0.0
3.000010187949105,4.256921759784188,0.0
1.3420200615355342,3.0723276971982068,0.0
0.7770575815921164,3.822217417200882,0.0
1.5937126744056103,4.556641099578837,0.0
1.8064120656368998,5.711240878087019,0.0
3.305369677354721,6.6165900729016425,0.0
1.3589942261158292,2.2080856040077115,0.0
3.56178074685889,5.065878083479162,0.0
3.248209159492366,4.323698334989739,0.0
2.0316339050267325,4.916344559271658,0.0
1.9709303550946635,6.304909388596354,0.0
1.3973382497906035,4.190601145712004,0.0
4.04430145833207,5.242093619263133,0.0
3.2063733230416416,5.713189276905515,0.0
3.86473068549941,6.046643008747351,0.0
4.440933837390349,3.982810368401336,0.0
3.1786522571413727,4.197219694630149,0.0
3.0319417076558848,5.364362598960824,0.0
2.831981739136001,4.374147342362454,0.0
-0.5225960445388358,3.6905471535627807,0.0
0.330801675177268,6.096530882982989,0.0
1.6388940700485093,7.063401995647302,0.0
2.3394089174251884,1.4272222877135237,0.0
1.8952269662716064,7.802659238636235,0.0
2.6064367797676806,4.070781786405582,0.0
-0.1320649593936345,5.4943215863888275,0.0
2.5156462305679046,4.616054570362142,0.0
3.9878939444994854,7.835428931746014,0.0
1.7890746738581853,4.194074335121198,0.0
2.549183342520857,6.698064022353527,0.0
1.3940229157420307,3.8433620565275457,0.0
2.7773903668818716,5.615642517983433,0.0
1.2943359406534172,6.167504774510664,0.0
2.463842771547921,3.160650638944199,0.0
2.378601402415392,7.015738632768113,0.0
2.5215168623515978,3.4036620856575244,0.0
-0.8375670503331785,3.3770212823244634,0.0
1.0223040726625432,6.781272670714284,0.0
-0.577345063472432,6.271103183070673,0.0
4.119281556552666,5.273516882834783,0.0
2.494222787404027,5.107850997726277,0.0
5.352675603293724,2.02132225879204,0.0
-0.3990817299379623,2.3617747646373997,0.0
0.5833455584683414,3.9893802275706043,0.0
1.9337152595819243,2.6488744913652833,0.0
0.34086451061270195,4.778489765035558,0.0
0.9208319741443998,2.123061011427487,0.0
2.4209524149627377,3.8491197089105906,0.0
4.101886520948588,4.446470087359513,0.0
0.0977116539244296,6.310163022538009,0.0
1.1739417880798768,5.074402926927801,0.0
0.6248218019685423,3.532753346833157,0.0
3.8851782503275,3.605133698665549,0.0
1.8533708566192824,5.421460341753858,0.0
2.5838856574931333,5.626172341446421,0.0
5.316002059411162,0.2138051896139408,1.0
8.730637704363424,-1.2305899684411905,1.0
9.920989649581642,-0.48497029061235075,1.0
10.79885062938964,2.0645892404672708,1.0
7.0952422573885645,2.8364512468378225,1.0
7.015388866664339,-0.2883499118101982,1.0
7.901726295219048,0.836795390388112,1.0
9.709432011763052,1.1456613054536353,1.0
8.237009952986929,0.40057989043330744,1.0
8.802297711832102,3.0012549740458154,1.0
7.260597266012448,0.04838694625772888,1.0
11.441602603297484,1.8138721724040914,1.0
4.239003864245461,-0.19830942311630717,1.0
6.931136134246755,1.4854198639937728,1.0
10.931642456985298,3.2119413774370678,1.0
8.846870821567045,0.04091632797883904,1.0
7.531869246002981,-0.383567875234907,1.0
6.963084025551353,0.1301420606236009,1.0
6.391814722287764,-0.29723472787989635,1.0
4.957918499598222,0.5337076207219191,1.0
5.206666623602488,0.6667629615186037,1.0
6.4024160891048005,0.9263737200585892,1.0
6.828418649790362,-1.3316327255720113,1.0
5.062303447969009,-1.408752007886648,1.0
9.607519369575222,1.6359367032662124,1.0
9.726638289596135,2.54538441195292,1.0
8.164066663670033,2.2999225136345314,1.0
6.417361843015775,-0.05631321831302616,1.0
9.800325632054497,2.8956697921774524,1.0
8.822813229702797,0.33367929921117845,1.0
6.430844633705186,-0.7852819843575471,1.0
9.236035150443396,1.9139434567788203,1.0
8.350017326314394,0.021369941584638674,1.0
8.415294368041456,2.1094176143281387,1.0
6.72056238184998,2.22050292149208,1.0
9.193974692745691,0.6074015095145444,1.0
9.729617793061221,-0.06182148942129473,1.0
8.375009300231149,-1.5678789508085176,1.0
6.62332915956559,0.7809867503715361,1.0
8.424186856779205,2.1375500306633852,1.0
9.995945315681796,-3.2088644813556026,1.0
8.354305891909082,0.9159188153042043,1.0
8.294781626172737,0.9453121885845724,1.0
8.174856940512202,-0.5700987517292593,1.0
7.188198300403319,1.5000662270714513,1.0
8.708646366065649,4.443645321509173,1.0
9.378345849430511,2.2248481864801297,1.0
8.464258574093671,2.064108072736183,1.0
11.719983130804817,0.8876431049040143,1.0
6.922128441195873,0.4684194851964054,1.0
8.057952231421075,1.8057857494086202,1.0
10.557848324014174,4.121667430626189,1.0
8.693719222227923,0.5897218698478439,1.0
6.734939502771971,-0.17554211592497793,1.0
7.75989138823927,1.653769873649348,1.0
9.040711022487246,0.0062051747529741075,1.0
7.643744026620829,0.5069970998109126,1.0
8.346647959935849,1.789809644896112,1.0
9.95150126186294,0.9429628116843414,1.0
7.6258874432449675,0.7387930243622814,1.0
8.559718894627405,-2.0896293727035227,1.0
5.690873178833327,-0.166269091560457,1.0
7.6168623186069775,0.523054437639253,1.0
5.68605799280126,1.3080779876308173,1.0
5.894660397451361,-1.802257938604884,1.0
5.2423678564940595,-2.0035868449159806,1.0
10.144889933664498,0.9851513734581978,1.0
8.282489203924177,0.14743698714077147,1.0
11.592121570963993,2.3242329655,1.0
8.141410020143248,4.438053544236874,1.0
8.873314743946459,1.7268440869271346,1.0
8.471385083340506,1.406894083038919,1.0
5.8791580301501245,0.9798291220909328,1.0
10.25349981919883,2.7501372477551613,1.0
3.8464932191331354,-0.3981240745177774,1.0
8.515979328091147,2.4933317380103563,1.0
11.01496249909114,1.1235785059368055,1.0
14.10950465286064,-1.3427912305207212,1.0
7.661236725511192,1.300926006470136,1.0
9.70606451572201,1.7955225070950933,1.0
7.482893234490873,-0.7406683475912379,1.0
8.183480427023866,1.8855446352763097,1.0
6.0976609583122485,-0.08812857254009732,1.0
8.634119640990269,-0.7195592328321097,1.0
6.6658067131908565,0.9249192313680342,1.0
7.446804167706701,3.489289839064261,1.0
9.421570226840398,1.6550400379395755,1.0
8.034888553989328,1.5049259376000168,1.0
9.458060613338063,0.11642044767276505,1.0
9.29796609809126,2.1520424217468355,1.0
6.53389259137497,-0.27321537256739026,1.0
7.1492459941887905,2.1726935971787094,1.0
7.529943553733242,2.363978965750664,1.0
9.693934845870627,0.255730903742616,1.0
6.294842377356937,2.1182349829540943,1.0
9.223720615274821,3.710858745937762,1.0
5.646249594527589,0.6292802535713402,1.0
9.790816318412558,1.4721517713091994,1.0
10.755399122702515,2.4190347728333617,1.0
6.3837324206795225,0.5608951673044478,1.0
5.935882301185856,1.7452286174597047,1.0
6.593775941000658,2.2387586901209344,1.0
9.968879766390254,4.0637752163626,1.0
7.374265243822593,2.7441091495272203,1.0
6.619174885375498,1.9488374517046023,1.0
7.155886309294626,-1.5408312625107858,1.0
8.204031799486616,-1.1433371991871777,1.0
7.574520190327305,1.4507829631658717,1.0
6.027781419960657,0.18217508612921907,1.0
6.571055984440752,2.5352228624233404,1.0
8.101795173917797,1.8481095676191135,1.0
6.850275422507314,1.5258510172911115,1.0
8.03226476626404,-0.13543396005356811,1.0
7.408085350464044,-0.1345057330311139,1.0
7.142693085272522,1.464380044045916,1.0
10.322841030562866,4.730693698210295,1.0
10.067413063472543,2.705648112153541,1.0
8.68380648466953,1.194883678816013,1.0
6.468012093844273,-4.055078088734961,1.0
9.021544760583001,2.848702635657036,1.0
6.148861389337787,-0.4691232118438018,1.0
8.473360917688495,2.6967475168039363,1.0
9.19950779090539,0.14709733364803046,1.0
4.5181777921232396,0.04422686213100668,1.0
6.474092865458374,3.5070513347429424,1.0
10.121800645915089,3.183500088158848,1.0
9.281875547045688,1.2039165108968697,1.0
9.863503049874149,4.4327068415929425,1.0
9.627491137994522,-0.5877767185231586,1.0
9.566828888630045,1.8577570966317514,1.0
6.635104951135867,1.1038024756252347,1.0
8.46154616341561,-0.5587296389459135,1.0
6.927158401207648,1.8033192583038373,1.0
11.599234241267823,3.2238322836399123,1.0
10.496911759965531,3.1971610704279176,1.0
8.284119253425265,2.0932781830105567,1.0
8.414886219574772,2.975628510170522,1.0
6.117659543495318,2.2870077520342775,1.0
8.884466017799372,4.931124093105687,1.0
7.724703009344937,-0.9786268656328612,1.0
7.301159798185232,-1.5332085278360044,1.0
7.717477764542873,2.0182975992190295,1.0
8.948019011201186,0.6852309030082173,1.0
9.390965980267925,2.2687744875038347,1.0
8.50200212201282,2.220057374572496,1.0
8.670696379206266,2.700613174041877,1.0
8.796853929087407,4.068187108736479,1.0
9.237446432983141,3.297015452476402,1.0
6.7216177575266345,0.9292807122395992,1.0
9.396518329953562,2.7796197672357366,1.0
8.00533284546968,-2.302811614275824,1.0
9.150791109506113,2.9469850644562996,1.0
5.742584787742758,-2.8691432166011905,1.0
8.875760557810517,2.17023986504526,1.0
8.470920228153089,-2.199136530680331,1.0
7.697194147679452,-1.7855757247155033,1.0
4.8529737778092965,-1.1595273248699782,1.0
10.81291533697114,3.24833343411833,1.0
8.559008713846426,0.43542222609364944,1.0
8.724304148856554,3.52494267161378,1.0
9.043702794117454,-0.4216065925171455,1.0
9.757545166525382,3.795727769704123,1.0
7.6051749948531295,1.6432099348325688,1.0
9.960297664970197,0.7806680654388777,1.0
8.863944632789034,1.59544105996821,1.0
7.344762357323393,1.556480643272046,1.0
7.290216151620244,3.0019816607077683,1.0
7.403411835500768,-1.713127188615922,1.0
5.866545778527836,-1.3696638087321835,1.0
7.9989464986197385,1.3455615269496621,1.0
9.282350189584868,1.6283810828585865,1.0
10.39255181876023,2.695901575828616,1.0
7.955805689024088,1.6556105682153506,1.0
4.426593983442159,-0.4881716718475426,1.0
9.599434648216846,-0.17433087369170197,1.0
7.191972540003886,2.9366228178569935,1.0
9.566479348458223,1.339098406550363,1.0
8.70192877578191,3.1854844777782145,1.0
6.913761422649156,2.3069784560291406,1.0
7.0211176547122145,0.8252213552886516,1.0
7.714411516933013,-1.7064098368111456,1.0
6.7024212473473135,0.6980673655199137,1.0
7.560142427129927,0.2007514033790857,1.0
8.120366694462227,1.3595146775866678,1.0
6.402699713231133,2.0228306852390823,1.0
9.243128067045483,-0.3826861213915873,1.0
7.733442169655504,1.913644684425754,1.0
3.5574293873124656,-0.49728076990310033,1.0
8.437512156959542,2.9719255823455475,1.0
8.897159944360073,2.5964885764467756,1.0
9.737010815509318,-1.0903236927832705,1.0
10.78861781669189,4.718518375310895,1.0
8.685794043185304,0.40162896906889534,1.0
9.640181865750534,1.1562239597290442,1.0
8.969940135624187,1.1585024249697429,1.0
9.831943544820332,4.131902834025439,1.0
8.544870221569386,0.37392717578506374,1.0
8.092410011754811,2.920455025212232,1.0
11.155291853864782,0.16800585266923118,1.0
8.70905222689233,2.146617759638075,1.0
7.4138101690540745,-2.223443626387363,1.0
8.793904842003798,4.6708826156264,1.0
9.388023903068435,0.31008051479871157,1.0
7.473493700120945,2.537791352565186,1.0
5.440028101556122,-2.0188633402348706,1.0
5.509895886525854,2.265501669139987,1.0
8.897927106553135,0.8618418275716702,1.0
9.49493952575594,-1.180965537740132,1.0
9.83665916051975,3.1812308104638727,1.0
8.034804720645916,1.2532361941887176,1.0
5.754643874304584,3.982827116021711,1.0
9.791962723276551,0.5792475087126616,1.0
7.243890973324426,0.9525687602511776,1.0
7.633175861070352,-1.0596445639262138,1.0
6.289543308238304,0.3046910117258951,1.0
8.330498374615617,0.9884979457875918,1.0
7.694750792709462,1.5735650360495683,1.0
8.78642253372763,-1.7022275676555263,1.0
4.807004154775233,-0.7225714769687077,1.0
7.491670085481683,-0.0860568587234265,1.0
9.361622800534134,2.402334032309881,1.0
4.388596735809799,0.6565516995507221,1.0
7.510728538925557,1.1491423029078887,1.0
11.100539175178412,3.157314775335451,1.0
9.429582928673756,0.24022999058361583,1.0
7.507681688188786,-1.6547052397651756,1.0
10.756255669381929,0.23514731977022119,1.0
3.833941467115298,-3.0918980429063643,1.0
9.505128807168159,1.863991115819002,1.0
10.469032685150076,1.3928895139891806,1.0
5.378383898954995,-0.6898765311101629,1.0
11.495889573348583,2.0750546705186883,1.0
5.514433515067612,0.2889848053550915,1.0
4.027082063236053,0.49254875841535584,1.0
7.676472804820164,1.840821971072669,1.0
8.797461782415459,0.3705413166717326,1.0
9.136789537744828,4.28220667662328,1.0
7.291512559508535,2.1200739862296736,1.0
5.759150413741643,-0.07389882660360958,1.0
8.787597714538915,-1.911295391528932,1.0
12.893769156687622,1.2219081859988354,1.0
7.63787752014902,0.6420193655469126,1.0
8.910053467180656,4.8926661885555225,1.0
5.81521050123424,1.213589080034965,1.0
6.496666812143733,1.412741868155715,1.0
6.669330583434133,-0.24880382540010437,1.0
6.160628635089538,-3.0393013069586248,1.0
8.07947879346877,-0.09186364723729556,1.0
5.8655318115183634,-0.06440738499001819,1.0
8.8129128182752,3.1550771465024625,1.0
6.513177983014349,3.159597013777967,1.0
9.484103796306467,1.6248077682831337,1.0
9.226914421888463,1.9817507920563513,1.0
7.765472381677098,-1.0307474054405152,1.0
8.470052956430706,0.2445872180478833,1.0
6.303199935199471,1.591319888983393,1.0
8.691654696465902,0.22004412767478798,1.0
10.783682696874099,-1.1754208438484763,1.0
6.292795208839195,2.945326753290998,1.0
8.541230522377056,1.1258605246883737,1.0
3.8226299840675217,1.0191461936950534,1.0
8.217648422610763,0.8102345375417856,1.0
10.885076047510193,2.9001014643022973,1.0
9.740965199565034,-1.4228685904363325,1.0
9.017263702207456,3.329536817086755,1.0
6.444133861833885,-0.9379940181327271,1.0
6.48366347382444,0.3361202528083014,1.0
6.393124228672258,-0.7190192061094329,1.0
8.066355303547786,0.207513500168659,1.0
10.237040257856908,4.465500659717215,1.0
10.390918315189008,3.1593921100819267,1.0
9.388717916312116,4.761754426531324,1.0
5.152463178542252,2.0482816021106744,1.0
7.599415919597031,1.105793531505946,1.0
5.2961937395771175,-0.6769386701023139,1.0
6.113786106319344,0.9571790775692203,1.0
8.826253711049652,1.9007095790483761,1.0
8.39410616725378,2.7878336839321145,1.0
8.00060390081045,-0.1195441440501277,1.0
6.296842903446425,-0.5800583835502509,1.0
6.941606438881417,1.2672527975461332,1.0
9.899400720982621,3.289843584413816,1.0
7.235035424046814,1.939440191649107,1.0
9.355535579238792,1.0775944288224721,1.0
7.082454151255721,0.4480191959290989,1.0
6.354993561814128,-0.1292938566602757,1.0
8.746940416168092,-0.6870948707427607,1.0
8.858002144482365,0.2059136662457246,1.0
5.65497771705359,-0.30318678398035215,1.0
8.50385017870855,1.7012270232800333,1.0
9.506887441027635,-0.49094150219943944,1.0
10.511871336827506,0.1614027732449964,1.0
8.432321098613265,3.1715124231739504,1.0
9.041863527369488,-1.521913505071002,1.0
4.191591543529135,-0.9043921701915372,1.0
10.528233847911116,2.147713453887616,1.0
3.9494424268359474,-2.671039795220085,1.0
8.936510155004651,1.7132296126960815,1.0
10.675732904310852,2.519317170881866,1.0
8.138672968367496,2.9367571035605904,1.0
9.74616621777855,0.12128648524904895,1.0
6.526059045651065,-0.8895093711686468,1.0
7.2190492265774004,0.17220578008871557,1.0
6.338916805802011,0.07743782934222654,1.0
5.850303272900127,0.2297252049759243,1.0
6.998216503373894,0.5009933315616004,1.0
9.401072965978582,2.11605452748792,1.0
8.30865030498929,-0.9282317745720223,1.0
7.78939301965932,-2.0404887690015183,1.0
5.897741926136783,0.6002545550488927,1.0
6.8777114113409334,0.040239119873010654,1.0
7.845986145237795,0.5883222662397264,1.0
7.7155216081976015,-0.9413481944336675,1.0
11.037439497206458,2.217231296774024,1.0
5.226360067522946,1.40575537404599,1.0
6.5323298327120165,-2.0149068076341194,1.0
7.199526054255146,1.797563862507154,1.0
6.2606940766060335,-0.5998428293320606,1.0
6.644170892017713,3.7796790371183517,1.0
10.171758699018142,4.854967859597721,1.0
7.790270609895851,0.061203384975642816,1.0
7.762956683486781,-0.29545606099617805,1.0
7.886722008086436,1.2067722125906102,1.0
7.784678482360643,0.17346066416129902,1.0
5.423236810712142,0.12090457342763516,1.0
5.460244424420768,0.48976729417396014,1.0
7.788040070890948,1.3945802407508898,1.0
11.517787737415308,0.120222562831523,1.0
8.842186159299473,-1.159128776506202,1.0
7.3158623859602745,0.7888030954439349,1.0
7.614731349433327,-0.7236722849731909,1.0
10.601097774382039,2.278298665175516,1.0
6.2230948686904615,2.8999125671926786,1.0
7.991359629177531,-0.32448494491668267,1.0
5.208818663428057,-0.043783476139679145,1.0
6.383296513614564,-0.8183177265296973,1.0
7.010078594021184,1.2122302533985494,1.0
9.590534776523311,-0.5569567533152986,1.0
11.00087823989336,2.0536958759477275,1.0
6.357537169111016,-0.6227743885497234,1.0
7.317887714261564,-1.4943212543622835,1.0
5.218399506245103,0.6424328001530999,1.0
7.178916400967053,1.3143293736548156,1.0
8.259866767325454,-0.03897275263326705,1.0
7.477296641203311,2.576534138033938,1.0
3.9810043252486347,-0.5129528640733092,1.0
9.205907040635871,1.2252886852175302,1.0
7.984812590480894,2.4621403033927507,1.0
10.760011271365624,0.8403297876626599,1.0
7.817886160612526,2.145761360756179,1.0
7.2694986734850815,0.024943244342138682,1.0
4.915882930210566,-0.055544893429414044,1.0
10.35573530424463,2.9387981449927802,1.0
6.7355202177476885,1.2412731887255752,1.0
7.180726266945789,-0.07402918283973503,1.0
9.06464013829114,0.9975910089821067,1.0
7.509240326470582,-0.25867966831486755,1.0
6.501184705283358,1.4160583424141213,1.0
9.722861948486532,2.6714233643929655,1.0
8.266957866357073,0.5078010267060721,1.0
6.358398304642306,-0.13359750947832705,1.0
4.633897107959209,0.8807878744076145,1.0
9.193908791189324,2.066496611484594,1.0
6.593581853450706,1.7902956726099917,1.0
6.854800614562956,2.115001810578752,1.0
6.813324953930291,-1.5928071477043622,1.0
8.583350239257095,0.28779889807894465,1.0
4.348654792806723,-1.0560966381027166,1.0
8.722444348883979,1.7300821574831988,1.0
9.256972294496848,2.9027578642509715,1.0
8.189230019885134,2.93107747822114,1.0
10.815011088949879,1.7733820749451692,1.0
7.043332369403722,0.7258787919660888,1.0
11.1583691866701,3.908712222845138,1.0
7.2348928278635,0.07472434227274982,1.0
6.6421491995533115,2.353424422463219,1.0
8.684836325028542,1.8594888560327347,1.0
9.972345170879136,3.873566054443912,1.0
6.871762683224653,1.03661398508824,1.0
8.07974016940654,0.3368967075556111,1.0
9.487868243981946,0.1859122478823516,1.0
4.341585996095886,0.46023048386737386,1.0
10.92757478712717,2.1018732557931283,1.0
10.187006883244736,4.184007984558859,1.0
5.502161881985133,-0.26743324364240095,1.0
7.392702089377288,0.974341013198327,1.0
8.704413456065845,-1.0690480966059503,1.0
8.771711258233175,2.28727070974253,1.0
6.141162114845184,-0.19230941013475578,1.0
8.19748604192126,2.003053729806095,1.0
8.452479959575694,3.2292101929684307,1.0
7.389796117791295,1.2242910479870526,1.0
6.988229937816848,-0.8219222552827523,1.0
9.446256251660843,2.580148007896131,1.0
9.366482218675454,-0.9367597268914036,1.0
9.431922558794735,2.121180954547787,1.0
3.9791315423906166,-0.7211068526543241,1.0
8.738839917790525,2.654376512831329,1.0
9.45267600147159,3.333829740049141,1.0
8.065524476243622,2.8953881762893725,1.0
6.712466109452597,1.0720569383488252,1.0
5.8538858157773745,-0.41761822699309126,1.0
10.052011412184244,3.9285732023862168,1.0
8.050449401964844,1.1689052214468476,1.0
5.91519589117383,1.4486220086959123,1.0
9.554226555405068,6.9784772852432395,1.0
9.525821541815377,3.3939558386179236,1.0
6.800666936960874,1.876083358823285,1.0
9.03505734513645,-1.6680433841033615,1.0
6.747980179811347,-0.8682651470668588,1.0
8.091772479506071,1.0950490996932885,1.0
9.859605016948148,1.7603017903413924,1.0
7.076014725496137,2.196826782828574,1.0
7.7216350689876405,-1.49597079223879,1.0
8.598425391047867,2.125437429791213,1.0
8.425004866925097,3.006274821819998,1.0
7.529208406254847,0.13710138197998012,1.0
6.5063145068561115,0.9962703513394119,1.0
7.886226491336295,-0.05444976165426385,1.0
5.249067273718917,1.2799243077284281,1.0
8.565223125146364,0.020394409557054072,1.0
9.394259921948636,1.020818277463061,1.0
8.934785820333628,1.5235197180403435,1.0
7.982816839808467,0.25624986423360174,1.0
6.542908180816164,1.39648850165648,1.0
6.902608401551886,-0.7146888549667403,1.0
8.606584587044553,-1.864118080874146,1.0
9.941390039852337,1.6043499494949771,1.0
9.595602158961501,1.525645966103451,1.0
9.184611050077343,-0.8347085020133025,1.0
8.337927498131581,0.8678322847236418,1.0
7.0568099169926155,1.274409979428077,1.0
5.4834738656565065,-2.6754433795460675,1.0
9.648845350194266,1.0635033000184468,1.0
7.962965944320354,1.8351820030164174,1.0
6.559978029346871,1.632729503995225,1.0
10.37925956502841,1.3645359170700886,1.0
7.241872413826118,4.222213184610167,1.0
7.479697016066616,1.3476855625129984,1.0
7.046176167097358,1.342799296343839,1.0
5.634785057895966,0.45074071520541426,1.0
8.859731832585904,1.5540868960816168,1.0
9.67479006638758,5.041121272132482,1.0
6.530576901503075,0.17319653165608706,1.0
8.448862629231678,2.1372091603997982,1.0
6.895434139573618,0.2597053037180779,1.0
9.917336476254762,3.4622734025037003,1.0
7.494221665443875,0.45074532355765795,1.0
8.838597883292504,1.2999142158920798,1.0
8.613442734815814,3.5625062372046328,1.0
7.6777212372830155,-1.2616282569230561,1.0
6.463434097284553,-1.5856738306720524,1.0
7.741402908634983,1.942712000555551,1.0
8.565581899354179,0.3777875344322825,1.0
8.817396506375367,2.0498478016543484,1.0
6.111004534324058,2.3284634616062045,1.0
8.717442722459301,1.1269555840400678,1.0
6.776994745500925,2.9706990972778975,1.0
7.9972751294539695,3.95484451315079,1.0
10.028048688383114,-0.06326426770243021,1.0
7.95345009152274,0.7634836148295772,1.0
8.563957922950749,2.818723181588814,1.0
6.295764384463159,0.851039723617761,1.0
7.083812390640923,1.5987014686511456,1.0
6.868201580545619,-2.433011010382481,1.0
7.634235216720815,-0.2961889560960784,1.0
3.9446558447644877,1.207875414302979,1.0
8.322924778525426,1.188566686810605,1.0
9.987135747536756,0.13693727046626203,1.0
6.294552646273626,1.8730483787887668,1.0
6.7486902505533175,1.1546844661609894,1.0
6.914014497266969,1.1920597797705943,1.0
8.759818819652622,3.276107258877927,1.0
6.808027531930216,-1.6664396178036083,1.0
8.234269705763573,2.000493820482972,1.0
7.588973750196593,3.44561551384861,1.0
5.7210481195836795,-1.1495120656038798,1.0
8.913133475353034,0.40725692727899165,1.0
9.53865801318584,3.0134947159451033,1.0
8.320978593250212,2.3813632703791674,1.0
6.898266213708241,-1.9352275356106237,1.0
7.080806925478115,-0.7882618151294856,1.0
5.449823555839197,-0.7817037291984092,1.0
7.804010052340265,1.2010993894184219,1.0
7.699568772671193,-0.7822349285450021,1.0
8.212775365605616,-0.7049174609659095,1.0
9.516367815835036,2.417204382382145,1.0
6.395007719544619,0.5796753079683937,1.0
6.41796371852076,-1.6679240511603526,1.0
10.139269408361821,1.6687957228901105,1.0
7.649320239455289,1.174299597147778,1.0
10.729300456045983,1.095752002772663,1.0
7.475673821875574,2.0542892137834388,1.0
9.803757277878724,0.5275046284224092,1.0
9.04053559818761,0.5606850732314966,1.0
9.622580260199578,2.22286354904323,1.0
8.502363952682279,0.33635658677574876,1.0
7.565423185005371,1.6066915661513148,1.0
6.260145954655007,-1.4089824702546525,1.0
12.822439021015212,4.376234722727979,1.0
5.516489287680966,3.1197295990497524,2.0
4.774968289002874,4.016467622237283,2.0
7.305452481287956,2.762542150017701,2.0
6.785388786576698,3.80735222922034,2.0
5.6768912664849385,4.331923239760647,2.0
5.014327078106726,3.075742276151955,2.0
3.965575138582422,2.88935103725779,2.0
2.926181076600041,1.4265718806016365,2.0
5.2910131292439875,3.8763877419872594,2.0
4.102658215032482,1.1777116799943792,2.0
5.701239298652128,3.1632606072676763,2.0
4.631240423109329,2.4772175611859724,2.0
6.397610182766837,3.901062381970285,2.0
3.6690102726906595,1.7977018934076914,2.0
5.251386790036323,4.288926417928295,2.0
5.372799480068198,2.146999008349121,2.0
6.350782526271521,3.554539506752307,2.0
3.6667585339465045,1.7147068509835908,2.0
4.825011049311007,2.9476771770738375,2.0
5.427950258372779,1.734789308007441,2.0
6.369978326830127,2.9189287585726937,2.0
7.553219804483442,6.961034018125668,2.0
4.1896439643245875,2.827029312520888,2.0
4.905399965661067,1.7896805711491464,2.0
4.418810215029331,1.6494285472815386,2.0
5.88782954277352,2.003555426463961,2.0
4.36284744173912,4.873809444657308,2.0
4.803733222336981,4.718445729745691,2.0
4.265832063877755,3.6648819317074937,2.0
5.005208589381711,5.114472704494334,2.0
8.130164581305658,4.3105331733034005,2.0
6.599966614867771,3.9679154167913735,2.0
2.008239357764544,1.545867395605045,2.0
5.050002828170105,0.548881912697559,2.0
4.0117097607149725,5.219326532457035,2.0
3.9613953927654215,3.496596477379758,2.0
5.013320254039806,4.347517355728387,2.0
6.784313498494376,2.5240452408707332,2.0
4.1454819221819506,3.7853238461167225,2.0
3.5551791310551435,1.1545744145519103,2.0
8.152072053257672,4.049424250048707,2.0
4.084183985484082,3.0123456588376127,2.0
1.9951687911060594,2.6214826911909013,2.0
7.871437192808319,4.839172570550335,2.0
2.338594900798706,2.984428440028034,2.0
5.912351010369058,3.1066850460157904,2.0
4.243516818858581,3.5398664012699856,2.0
5.1941429977315074,4.973080362775973,2.0
7.0285069625933705,4.126728580102403,2.0
5.209384818132476,3.7591359969619695,2.0
2.5357050263985057,3.3524625818872664,2.0
3.837224080623591,1.1461856169222369,2.0
6.810232279313084,3.3225445682790067,2.0
4.447405312322942,1.3185371591251636,2.0
7.592387091354439,4.17440413636365,2.0
5.174822645500018,3.876627723080894,2.0
6.183685533863749,3.105834884213271,2.0
4.810077502066509,2.9542706179415434,2.0
5.90537078511439,1.856165516141125,2.0
2.5030966855078125,2.092103264823944,2.0
5.95398245128857,3.888585749645145,2.0
2.3560901526499767,1.2550366761075011,2.0
5.994021331871446,2.599070780388258,2.0
6.418557926324745,2.7950641737260686,2.0
3.917177513243975,3.3984829237899117,2.0
5.480644994697942,4.924350953091972,2.0
4.464404932985742,1.906845172766038,2.0
5.870258313480088,2.842788979986141,2.0
5.044073929209596,3.9111274013990407,2.0
6.055849136012186,5.895874372058952,2.0
4.667216172066874,3.626542087592061,2.0
4.5945433599404275,3.7912399032603967,2.0
3.580332032507572,3.043416312773842,2.0
6.30713588685675,3.298555921003345,2.0
6.412963721971073,3.7156182732494853,2.0
7.8830225798790945,3.420142726322983,2.0
3.8878799424172223,2.554928402594352,2.0
2.7507789307175186,3.150850234636826,2.0
6.170413711108713,3.430736368675726,2.0
8.709643023635575,8.590545008443305,2.0
6.10570987877893,2.097371925147523,2.0
6.712265254487731,4.252309598046419,2.0
2.488373796748534,0.6174205351249067,2.0
4.137065033553281,2.6684876865472,2.0
5.5904899438258,3.735602518021786,2.0
4.2729777690777375,1.5665799270421046,2.0
6.733355793789201,5.249617775022845,2.0
5.281974689909968,1.4045267067832117,2.0
6.394561303140952,3.7752403007146684,2.0
4.57005593652642,2.5018670127256044,2.0
6.222792784951494,3.8661084637574894,2.0
4.748716470888453,3.1217337771839087,2.0
5.05717182310612,2.8984939260334124,2.0
6.3942563534764005,3.243015762424948,2.0
3.2937434171574784,2.141727838693482,2.0
2.640436012375761,1.3387514864853491,2.0
5.823658604801995,1.9493943913924632,2.0
5.0515116503649535,3.771027455438552,2.0
5.940722839186239,1.8166561138819375,2.0
6.166257522533708,2.571920917287764,2.0
6.580973015135003,3.304200881180147,2.0
5.592025770519015,3.350373320283349,2.0
5.550209641794147,3.5661963605465474,2.0
2.6524858422848476,2.4170413717496912,2.0
6.772761440605649,4.555575581620264,2.0
4.450982649902538,2.527483944830579,2.0
4.705259893379109,1.3756359413061918,2.0
3.4498071000375417,0.8492912226196765,2.0
6.103491791926572,4.771491855716024,2.0
3.3745280734877365,2.9638655810426155,2.0
8.20976071109218,3.6859290766761426,2.0
5.019345606101637,0.41127324643006613,2.0
6.608384374390493,3.4339440070980523,2.0
7.350061655161467,4.496252926924523,2.0
2.794765163231231,2.879895052577493,2.0
7.881336248340932,6.79186688091122,2.0
6.010925773367278,3.239668613683682,2.0
3.6406691577459105,3.9148197737173493,2.0
6.022226652841284,1.85700647645983,2.0
4.8946229886756605,3.3216507690109083,2.0
5.382965861114205,3.2643668305485827,2.0
7.007104261251777,2.929039557574805,2.0
4.716736955436119,1.964081744896822,2.0
4.203044277010741,5.4394383039482666,2.0
4.247187714121576,1.990541608646049,2.0
6.643089002573468,2.8250189867048316,2.0
6.799951809016807,4.031113058392048,2.0
4.832845510257066,1.8649943924533776,2.0
7.214334444486343,2.881989918098049,2.0
5.547588272713584,4.508933078202247,2.0
6.697828016595476,3.2283936182342625,2.0
4.743160151500291,2.212415621103553,2.0
5.447333898446303,3.3649343801885467,2.0
5.3368565928053595,2.6725675625960896,2.0
6.948345110353692,4.2914898670932775,2.0
6.588020266884783,4.247160533069051,2.0
3.26428383717923,2.1133248316641207,2.0
3.102178232014931,0.7852297851446228,2.0
4.9578008463861645,2.97496138735359,2.0
5.917442664763996,2.6449455975064406,2.0
5.35616610144252,3.434508396584172,2.0
5.309193081453083,3.7192132367841055,2.0
4.309671292208703,1.8010787126874588,2.0
7.393079465756813,3.66433661632192,2.0
4.9268236548482305,5.24822284367709,2.0
5.720125184397671,4.817273389252028,2.0
7.186403908207581,5.664710268223864,2.0
7.37379525879986,4.2041499238622,2.0
4.600939370374656,4.742794220338357,2.0
3.5052000603149382,1.3158859020200133,2.0
4.449745148494063,1.3563818249744184,2.0
6.681654969165455,2.6758611793856426,2.0
5.448715566711083,3.873388749776605,2.0
6.786558581938311,4.8868396770510785,2.0
5.9065492730713185,3.995551790429693,2.0
4.9114346198559815,1.166572286844929,2.0
7.449545751367344,3.7602459800626957,2.0
6.264694031348854,2.693184514364182,2.0
7.000843132113679,2.30322477904595,2.0
5.497569215260499,3.3692078433999457,2.0
3.501273916767395,1.4708760285965068,2.0
3.4787013411848173,2.5794692109775945,2.0
3.5404227264299664,1.5481225697883536,2.0
4.3791248567629815,3.3203486569618184,2.0
3.5564061265559404,0.44789808409170817,2.0
4.763224668447901,3.1549343260079556,2.0
3.6339862292195395,-0.013054354102984167,2.0
5.487459670525148,3.505816537707223,2.0
6.403555645423746,5.295561768774533,2.0
1.9288757145738078,2.895891207740478,2.0
4.379121932267376,3.249200480522395,2.0
6.560605806447109,5.957783119921277,2.0
5.17091763242896,4.688541002441405,2.0
5.21537474107031,2.2079046247190868,2.0
6.437429069798758,2.9073669525298538,2.0
2.334982543501547,1.754835685228934,2.0
4.977965230695263,3.007520075592503,2.0
3.4007280361993337,0.11416858193251755,2.0
4.817171459559165,3.775910827824638,2.0
4.760352228313868,5.466057322321742,2.0
4.806932741121097,2.314693372468641,2.0
6.791879613407,4.1487909450442615,2.0
5.8748067845775935,3.7692516375406315,2.0
2.3982986084149043,3.6379287689415545,2.0
5.715076624932414,4.514716757091081,2.0
2.652470370372731,-0.32091765147283846,2.0
6.470604655316549,4.751412685386057,2.0
6.123227883500119,4.30860837772863,2.0
6.354902802805373,3.62313643288633,2.0
4.764303781295712,3.14614978357203,2.0
5.665341593330014,3.5394474081705662,2.0
4.605071288274371,1.917812512368445,2.0
5.345238368285075,4.171053420633097,2.0
4.567426087847789,1.7538844566511467,2.0
4.822715594101163,3.5653877102126645,2.0
6.950704920978352,4.8712392553743165,2.0
3.508904750579886,3.1490511972971875,2.0
4.830962263411496,1.8343419978673707,2.0
3.3977277984406857,0.34305774323144744,2.0
3.670310642883865,4.7563302041492586,2.0
4.105831937566233,3.111418681678177,2.0
5.540897547334227,4.5985999122117605,2.0
3.6160608190079366,3.1257309033696092,2.0
3.491526372124385,0.9461461398193869,2.0
5.4860603860249695,4.080723074741496,2.0
5.901506663003856,3.9058538198048844,2.0
5.415141765763301,4.144479572149708,2.0
4.670187562102574,3.5321967496031093,2.0
8.221985198734595,5.43861026696162,2.0
4.9155358568049525,3.836588518985926,2.0
5.289563102127943,4.4058719077455235,2.0
5.7991657457277075,3.384806625970818,2.0
3.9760278246782237,-0.38035437981529663,2.0
5.886236808525771,2.4761226245951833,2.0
4.185618830932449,3.9111398995544397,2.0
3.749953185976053,3.4174828990873243,2.0
6.085336411884027,2.582394641938055,2.0
5.366160599539314,2.537471681708636,2.0
5.441485886101569,5.7375459449847614,2.0
5.807510185837612,2.6202024994152406,2.0
3.694617397069999,0.9852488862326974,2.0
5.010384678201837,1.311581120048536,2.0
6.627185854371203,4.777523727606388,2.0
5.692124667685997,1.5460922802836372,2.0
3.4485256901937893,2.189614753766372,2.0
6.585543705828864,5.308783626236217,2.0
5.376198597420666,3.5952544369378696,2.0
5.101715953938735,2.083750370274915,2.0
3.7781537914176555,2.6405152336308895,2.0
4.401469019038192,1.7843572079396375,2.0
3.5423980227799636,1.6789480863874073,2.0
5.445370470957462,2.4367317270524156,2.0
2.697880261900608,0.24134414618925426,2.0
7.727555327823674,5.968351543902655,2.0
4.620209609433192,1.5939187299986948,2.0
3.4413595301398656,1.1468996360530792,2.0
7.788806963037731,7.100601035978663,2.0
5.47926010775946,2.189189018332902,2.0
2.91602320600385,3.6101466579896533,2.0
5.04343389321067,0.8456439087232903,2.0
3.6189203335520976,1.6594126228544306,2.0
5.14361955006729,2.854836221497176,2.0
4.528015933038883,2.077154277951223,2.0
5.288704772498142,6.263378246499119,2.0
4.269121970665395,3.3113538752408305,2.0
4.942090463808572,3.3254618559304276,2.0
5.478262115400731,2.8485887707544673,2.0
6.852927818105147,3.9168323826373275,2.0
4.919943666426234,2.6727296547635024,2.0
4.889917772501507,2.3199895170094553,2.0
7.050960138704091,3.747093674829326,2.0
3.4558262505918393,3.8451259968852884,2.0
2.3927914327084707,0.7086869945649803,2.0
3.3144959084542,4.151427420174652,2.0
3.634460421208966,3.379384060153018,2.0
6.155172743795789,4.082051764311942,2.0
5.998210053129574,2.8555914507866604,2.0
4.168370625313781,3.136748441576256,2.0
5.570485229030095,3.8062312023469755,2.0
2.176681522275934,2.0569082774994967,2.0
3.8360819462858378,0.8758181668416469,2.0
2.0149739831546767,-0.3164921888367007,2.0
6.130154921859091,4.203859424842981,2.0
3.22003310116838,-0.9005131055300648,2.0
5.49907291919819,5.918150704446018,2.0
4.400023067254673,2.6546539205554636,2.0
5.226129037907525,2.890712478768406,2.0
6.1244371651128215,3.97105987818467,2.0
5.918312138230535,5.072280898880303,2.0
4.600775652587836,3.7747069058045035,2.0
3.6583413365249164,2.7788030635184677,2.0
5.91947540473414,2.1158035286434806,2.0
4.618785553635988,2.3055382117576686,2.0
7.516588337095351,4.774670049383953,2.0
4.969045973162527,1.1755305633582551,2.0
6.950869372697559,4.361973672842443,2.0
6.6923904039874795,3.2132900249171135,2.0
4.855826640164648,2.595018293718581,2.0
3.687782636643367,1.3801378151008588,2.0
3.3308217155385105,0.16467661223315622,2.0
5.650718051835566,2.2660352079660724,2.0
3.3302226649727946,1.5548981685419827,2.0
3.7129892450274538,3.404587174215472,2.0
7.112546986100478,1.8182756184969513,2.0
4.539513118081559,1.471878356431493,2.0
5.170587158747651,3.1213428601239226,2.0
4.695990350282528,3.280125609397404,2.0
5.913968120412424,2.6816509741680203,2.0
6.647688816962879,3.651853122357646,2.0
6.2030817914951495,4.819579778174921,2.0
8.054203321112514,4.272954602116635,2.0
4.608164034365203,2.719406326982172,2.0
2.203766563576655,0.179263413035752,2.0
3.1518145515427474,3.125588027441232,2.0
5.715589883078183,0.7876601048712528,2.0
5.092351868829419,4.116898163467441,2.0
4.259314794729908,1.3949239799686346,2.0
3.5706064270680065,1.3220920319067928,2.0
5.171608588056591,4.778996571394616,2.0
7.052356511787278,5.165938123263933,2.0
6.017811037193118,4.319820642991688,2.0
3.602876410146446,4.3777689662864345,2.0
3.9159135917822785,1.9147156345725997,2.0
5.613609708107628,2.244723773503137,2.0
6.286594236549956,5.533575368820129,2.0
5.939064411739396,3.0200677925593364,2.0
6.292588329308473,4.343563918041038,2.0
4.770800876657624,2.2092676799078417,2.0
5.870040103625972,2.6660133011853517,2.0
4.168550924698784,1.5422606725962982,2.0
3.5664641443178233,-0.7108902467218496,2.0
6.249678509403879,3.372481447622029,2.0
6.4153179032611,3.9674315368279505,2.0
4.870887282679316,3.708882457331824,2.0
3.129900152381453,1.885203250861432,2.0
2.8865456548418553,4.696478587019271,2.0
6.145086065237207,5.311776803315848,2.0
2.9519388225854577,2.5616362095054916,2.0
2.3839097832877574,2.670767403132526,2.0
3.939815980136343,1.7109629765222403,2.0
5.633193301208742,4.0812325194433505,2.0
5.511786336942592,3.428602056061977,2.0
4.250112370965362,1.8970952652486424,2.0
6.845577273167861,2.4085257423300135,2.0
5.496059625891411,2.359127011740075,2.0
2.7464323916895843,2.0247087741952905,2.0
5.140712905276153,1.4551083614669502,2.0
5.0559280608836685,3.192800349597804,2.0
3.8602892380809024,1.0398292316305084,2.0
6.286138209793932,2.8169918433547014,2.0
7.795044232189784,5.78998714583262,2.0
6.063896742204319,4.784140836901652,2.0
4.463935174278726,3.4379626249080597,2.0
5.055525313798436,2.9725572483667464,2.0
4.507086555488333,2.722816167155311,2.0
5.439869432695877,3.2026997747584414,2.0
3.2322209202952497,4.719204890008853,2.0
5.524951170419559,3.3682748130624747,2.0
2.8142950357842142,1.101241074066911,2.0
3.9122795024713537,-0.6746350511160744,2.0
4.921895571102834,2.137472683224006,2.0
5.303263900866817,2.0459397284525553,2.0
6.542473743947797,4.480144312856381,2.0
3.1320207255499675,3.3211361421621306,2.0
3.8798067914270797,2.589859752382447,2.0
6.296421112761475,4.087252356168914,2.0
3.5704921850314832,1.5387660764747868,2.0
5.996560874094703,1.4679586800721354,2.0
4.091134854476949,4.234735031547529,2.0
6.152326477380763,1.2925133844232626,2.0
5.002677775225267,3.904557975873629,2.0
4.8594651160346185,2.614892259819312,2.0
7.643646504590694,3.1502751149037387,2.0
5.955853893388447,0.8888094027859696,2.0
4.432036815771249,4.004486605766467,2.0
4.051969391885163,2.287999401963887,2.0
2.897704258677718,0.4922294081409113,2.0
3.8556682176081765,2.7580697486311574,2.0
4.74262787261633,2.5469475644733075,2.0
3.630199204123299,1.7374845835163313,2.0
4.301203098747445,1.2026716301803764,2.0
2.356311469168982,3.128623180628656,2.0
5.192967741766934,4.339980708577151,2.0
6.298001182759174,2.8421502649087262,2.0
4.441968936664991,1.0893127765783346,2.0
2.9265680671090277,0.38356963583786463,2.0
7.87712220322843,3.5608659940231195,2.0
3.7951953341317726,-0.1533404865508632,2.0
4.299535185642419,3.1471538519459994,2.0
3.7586533785179244,4.355990476244661,2.0
4.756470901696165,3.2435619247426346,2.0
8.413677286890534,4.890795122788307,2.0
6.360658096159689,6.43543836691345,2.0
6.354488685497778,3.992470330462809,2.0
4.40320187136514,1.3545017789701823,2.0
3.704847811763611,2.4166628185847676,2.0
4.930667073305808,3.1916907570148423,2.0
6.465429629481353,3.0795034687243055,2.0
2.6434056802848813,1.6015309157416038,2.0
5.624871569703692,2.29807083596666,2.0
5.438412593636145,4.11130752924472,2.0
6.6236806485188815,2.7566694210126044,2.0
5.2690487796191094,3.2425144325228374,2.0
4.484132762176289,4.675047940951465,2.0
5.592118212386826,5.104760521517751,2.0
5.015681253900513,1.6092223123442528,2.0
4.9070838359533955,3.829020790981444,2.0
3.9999454606890947,2.7952077525657746,2.0
5.621504724589988,5.015672911714143,2.0
6.414398824708046,5.09436736366721,2.0
6.371194220043511,3.69281419855655,2.0
5.860483006091073,5.064026027608704,2.0
3.4797716294665806,1.2851763889391596,2.0
5.000975582872681,2.9316272572119413,2.0
5.942484612696168,3.438532109120482,2.0
4.465751927945695,3.039438582818848,2.0
3.51617288506052,0.4247997496350284,2.0
3.214041636220462,2.1345744741664765,2.0
5.7979705335866125,5.1089074867672135,2.0
4.340332517975598,2.81388378280776,2.0
5.323838333743599,2.435861186013391,2.0
3.5213705772362327,2.700283042858274,2.0
5.64486744418767,1.7774716400070414,2.0
8.389376442061653,2.7578164994631162,2.0
5.32347936467574,2.1923084440383604,2.0
4.51762838408508,5.602944697058861,2.0
7.468761842163811,4.502670154844452,2.0
4.935369082823314,2.274948934090069,2.0
5.465877723251143,3.088562768360716,2.0
6.280466648001561,4.348320783646228,2.0
4.7405369464266505,2.8515096915198987,2.0
5.919096857476517,1.3012075955957245,2.0
5.347083440493205,4.1768942225733205,2.0
5.094778397700063,5.696806422938711,2.0
6.455869724267676,4.098218943372317,2.0
4.2008109564089775,2.543999148849378,2.0
7.557773298045958,4.653665940048013,2.0
5.767500639608096,5.384674604693355,2.0
5.809637133699134,2.9830116013510626,2.0
6.977938209727204,1.403251629066061,2.0
4.233925545036876,2.066965803609264,2.0
7.3380328893470566,4.571678438175713,2.0
5.582491487707233,2.87126482019318,2.0
5.457380120551222,0.9075518949476211,2.0
4.034863074278744,2.6699441848289993,2.0
5.899120475439475,4.183129220896973,2.0
5.163751104633238,2.930814859520907,2.0
4.1518802788485365,1.6858208645500172,2.0
3.746325059911545,2.9372639198947565,2.0
8.348857309160726,5.676133548904595,2.0
3.3929490865085117,2.537155994584087,2.0
5.885688880795484,4.106027429659916,2.0
5.960821285946025,4.137174194924818,2.0
5.745238275389265,2.0966135241689283,2.0
2.7967340959257823,0.48406527528409615,2.0
5.22693047114771,2.0445721668370864,2.0
6.119765560320943,3.9584127780069585,2.0
5.340232779081803,5.226333236682688,2.0
3.5965973954677075,3.8893245012554285,2.0
5.312607441871984,5.140305183003246,2.0
5.148442423638137,2.381762033317023,2.0
1.660807426317139,2.3063516633516086,2.0
3.358754394692281,2.582960197226474,2.0
6.85275256155047,1.3358756648963503,2.0
4.295056190172312,2.93474840163952,2.0
3.6805088672984363,3.444894389382582,2.0
6.41564303663495,5.747623388583026,2.0
5.6198337170200166,3.1813026016474915,2.0
6.028005783840252,3.534175556963267,2.0
4.416584701092743,2.1343607964634033,2.0
5.2438189710675065,3.1607228630041857,2.0
5.001352327864403,-1.228058760838655,2.0
5.252673193154396,2.8193324453424378,2.0
3.9643348965375296,1.7190539767113346,2.0
4.1014688871656775,1.508653044420388,2.0
5.76809924867122,3.1349831136351787,2.0
5.140929695065525,4.077753459334126,2.0
5.170951544175702,3.3926201986867626,2.0
7.964105849125149,4.305340589491756,2.0
6.030331611115747,2.927615455229455,2.0
2.026949814286323,0.07490836463336725,2.0
4.2795564687594645,3.658100979578683,2.0
7.075969149146756,5.8836645140500945,2.0
5.486869750221603,2.734186080970957,2.0
2.3869043830021592,2.286702311191802,2.0
4.81092945119466,-0.1878116963112446,2.0
6.385887531541475,4.6011390179962,2.0
6.611560829770416,5.696286683316571,2.0
5.872239184005248,1.83608573951046,2.0
5.594517550937369,3.5829976921422135,2.0
5.986431150500959,3.6141011343954443,2.0
6.281331231411983,4.068110525614265,2.0
3.849392192678624,3.575699851521362,2.0
8.37987811967916,5.7574537778218176,2.0
3.785243978577174,2.688429102150062,2.0
5.7297839194658575,3.569431872583001,2.0
4.999861447954331,3.7631298398594564,2.0
5.041850827945654,2.946664398030426,2.0
5.675036704763577,3.8253305764560723,2.0
2.322933952998695,1.242904071863547,2.0
6.626242857062836,3.1350691464650042,2.0
4.31989697424282,3.036793456565011,2.0
2.8602014095802897,2.420934159585796,2.0
5.1539472268038,1.8806799508041374,2.0
5.94315977859779,1.424885024975329,2.0
5.338277418069349,2.971440132486344,2.0
6.370131293962233,4.128215564720558,2.0
3.8037579687795824,1.5509751340874094,2.0
2.3980028556975497,0.9595982370426697,2.0
4.2174806881089815,2.4011222199868487,2.0
4.868352608066977,3.3851314037666933,2.0
3.889589769386296,2.9447492806550777,2.0
6.422190264289631,4.4971222002304785,2.0
4.465061856655107,4.566892358423722,2.0
4.328355038033331,2.342639903282642,2.0
2.396640168399048,2.766029272268014,2.0
6.716934403733836,4.844847348882236,2.0
7.229085008653518,3.595133452255882,2.0
5.8010250395213445,4.658234225737597,2.0
4.28776142714991,4.02667135589998,2.0
