X1,X2,Y
3.981499367900492,4.392201680615504,0.0
3.00623648677873,5.9160819959298,0.0
3.925198253474494,6.13656144976739,0.0
4.0368545810832135,5.653392448571646,0.0
1.9462119821345738,5.554345579105304,0.0
2.801147190690944,4.27587750706217,0.0
4.627658357195951,5.027984643581318,0.0
5.1985210978875,6.277469396364544,0.0
2.7468593430453296,3.341547440368331,0.0
4.058220455858982,6.190273422398143,0.0
3.72733791043116,4.362621050042902,0.0
2.035457856240399,4.7730310774289375,0.0
2.3966253129587765,4.681292523166887,0.0
2.3208587885775365,6.003037401662973,0.0
3.5585187196008423,6.473462434967322,0.0
4.201359906648655,7.126792630648508,0.0
3.0848616813908674,5.063080508753563,0.0
0.8649629439070967,7.760921516318469,0.0
4.797162488735225,5.208855709863029,0.0
4.324228964561396,7.51770574075825,0.0
2.7765074974830997,6.996959950598486,0.0
1.2884381885250424,6.323022967368525,0.0
1.6782297695596053,5.679167617376544,0.0
3.9273239136863305,6.299847762215214,0.0
1.2027274486898167,6.3941828041069035,0.0
1.602990380648169,6.446080926105774,0.0
1.2637513836717376,6.173950356754341,0.0
2.071374860953751,4.622332758573917,0.0
2.184434815855504,7.692434618148402,0.0
1.5626018314907848,6.406247349250514,0.0
4.846179741265503,4.003338265416351,0.0
2.610327537315609,7.666051495315578,0.0
3.40352291231091,5.447848222190983,0.0
2.7023669981403793,4.982021227432639,0.0
3.2252231521050523,5.709687768406467,0.0
3.6394271568911467,8.149959325558825,0.0
0.4829803512780271,4.484812925675312,0.0
4.1194124956781835,7.999375006786286,0.0
4.294101648514041,7.490704716998705,0.0
2.122925305195749,4.615699530329412,0.0
2.9204922218760583,7.466072070651672,0.0
4.044353247527654,5.077626363407692,0.0
3.1413981020886412,7.744259019659535,0.0
2.197453834296744,8.554347388566118,0.0
4.249214622645208,5.967805931187823,0.0
1.5054615567262832,5.516178996651185,0.0
2.234801157068055,6.848456278431139,0.0
1.7264390374073284,6.684220656889561,0.0
2.488938944472718,6.4451534384297995,0.0
1.200827996772185,6.384826397379967,0.0
1.7875610442171788,7.471449222934535,0.0
0.817310907632049,7.318271020330583,0.0
4.862311403956138,7.06845714825017,0.0
2.0387416983595203,6.010473024422218,0.0
2.150963498806172,6.9483527545104256,0.0
1.7210167845736446,6.4958246537056965,0.0
5.287584546905885,5.482380407161632,0.0
3.420828142763866,6.867461612661083,0.0
2.22506487546067,5.265704856931954,0.0
3.649810732576451,4.459314683015463,0.0
1.564572795543579,5.725377867788874,0.0
1.8221639770718068,6.336767064711691,0.0
2.7517496087364255,6.2862559757753935,0.0
4.307349488455836,7.173276590726848,0.0
2.346597355979629,5.117188693901323,0.0
1.9951981451028578,6.937132285683047,0.0
3.5114660027946103,6.313127160270617,0.0
3.3505794967870957,4.039649630101812,0.0
-0.2999058090790361,6.9431175587089315,0.0
3.919669804857612,7.608475805902211,0.0
4.1159922583412,5.844745234761544,0.0
3.4003779845621107,6.475236100665169,0.0
3.536313876957484,4.029382519827949,0.0
4.426304512464,7.4102214351334785,0.0
1.92502840481155,3.84727071263063,0.0
1.4671849541048474,6.613434308090373,0.0
1.7123040910217826,2.931204551532344,0.0
3.6665398997804868,6.182959485921796,0.0
3.738446952710032,8.905515648844425,0.0
4.317142843238086,6.755676837513172,0.0
4.502015477808426,6.021699541933182,0.0
3.1386321290639323,7.403924902069358,0.0
3.4183755917093293,6.493022394970698,0.0
4.6536503153762565,3.407467222204922,0.0
3.504869902795118,7.420632369743484,0.0
3.917571689256068,6.793631772041837,0.0
2.858515193117182,4.568755144368201,0.0
3.140974494631686,4.869288594949115,0.0
3.912650128367522,5.496277218884458,0.0
2.5380070805675636,6.724187427049089,0.0
3.8893445689163375,6.819396394709258,0.0
3.2264849034674903,6.210033639182427,0.0
2.782473935715313,7.186430291701646,0.0
1.9481886772440162,6.503367088469857,0.0
2.114851622698285,7.536667216436805,0.0
1.8893709896986832,6.432533691644032,0.0
2.890585963907844,5.655675004734542,0.0
0.23475834895004866,6.898539789937745,0.0
2.606454090865637,7.101271526209531,0.0
2.0393496631793386,5.8710253004623025,0.0
4.52214876677165,8.17339416358772,0.0
2.12597875893245,4.244674909509231,0.0
4.147538877703633,4.662886088693563,0.0
4.642170145516373,5.671490130188533,0.0
2.1203122881149454,4.59715772801325,0.0
3.6384200687999315,7.542917800014774,0.0
3.372841576121723,6.917700042888149,0.0
4.940849972824079,6.312982449517719,0.0
3.136962763318615,7.066545427913743,0.0
3.897710165513585,6.269204525308701,0.0
2.6003668184418203,3.3896773256562627,0.0
2.479845389846917,6.449476816063971,0.0
2.1535620439104166,3.8910535461829023,0.0
3.308924384120174,4.938767167098019,0.0
1.1955824462102682,6.626377876848365,0.0
3.89309652774297,6.517462080943684,0.0
3.3133677081166186,6.49655360646571,0.0
-0.8987108863791606,6.725395342244362,0.0
4.032741919259523,3.935713923964583,0.0
3.593703557404288,6.254506879245486,0.0
1.6527763066452072,4.555907556824314,0.0
3.6798964171665833,3.9340165062696975,0.0
2.4966902278900815,5.68237345943616,0.0
4.9107178127493984,5.1204584400745725,0.0
2.9417023178427666,5.3576686324578215,0.0
2.1171260179181193,5.4934314058848175,0.0
3.754648660087951,6.303976718066881,0.0
3.207130940768682,6.838226126722783,0.0
2.2410831050831153,8.606830455759331,0.0
2.5616009352084768,6.922120849595592,0.0
4.776129772872826,4.600501715138288,0.0
2.4862193032793503,7.682332643370205,0.0
2.1600188757086136,5.181715711079869,0.0
4.2130866713441115,6.73450739509097,0.0
5.628096022613489,4.988180686724423,0.0
3.4382478630027347,6.407467566413511,0.0
4.084649322967569,5.498020702688957,0.0
3.8098983998077727,4.656275058748015,0.0
3.1218746179974572,6.550760229137209,0.0
3.8877193987785623,7.4889135541456735,0.0
1.949561233120211,3.3294116412429835,0.0
2.7037340522578117,7.151386814742443,0.0
1.028030437727192,4.968856821122422,0.0
4.275655323782749,7.138811711088832,0.0
3.5900165820533525,5.347609495565062,0.0
2.5899701718440205,5.416845421172298,0.0
2.7313366735553775,2.858951695220569,0.0
5.072664048616504,6.069382949830519,0.0
5.006397890794499,3.929894946958853,0.0
0.6676470005083921,7.080860886057559,0.0
1.227896017121855,6.040223304469691,0.0
2.8377108894357566,7.485677437132691,0.0
1.509828903200442,3.9149945915884854,0.0
2.8856538241504714,4.983476399301353,0.0
3.240430493387384,6.0967066463484985,0.0
3.983072195947204,4.859467841550622,0.0
0.8468780752803231,5.9171650614702065,0.0
2.1144026222990124,7.388120170978358,0.0
1.8948198579470459,4.900195725202816,0.0
2.473044616003514,5.551671773270644,0.0
3.9855795821292475,6.711664254270787,0.0
3.309236518422908,5.651852990600444,0.0
3.8607587693341836,7.14776630541749,0.0
4.344280074800069,6.659760970883098,0.0
1.3309158320094738,7.769611538895765,0.0
2.310007927137184,7.8788270536096245,0.0
-0.3769291499153584,5.934646926288335,0.0
1.4569671645787787,4.008431966378767,0.0
-0.2970162934741918,6.0268734696037995,0.0
1.730276444316619,7.550772227399101,0.0
3.2261493784340294,7.494415596792691,0.0
2.6117835945484886,4.473453823604998,0.0
2.450145061111097,6.379480663492448,0.0
3.905558656506484,5.430909652435562,0.0
2.8009426496422085,6.645375625915001,0.0
2.341744383016739,7.768754289466823,0.0
3.4379657394962697,4.5958459839811034,0.0
3.314082307665711,7.989795030718573,0.0
2.5025183777247775,5.261720769517854,0.0
2.540638332714115,6.193664969200835,0.0
3.500967382110767,6.059726029889484,0.0
2.506072390456809,5.84685196616802,0.0
4.521264325939647,4.962041886410518,0.0
4.044923178941917,4.412123401122978,0.0
1.4142040282030959,6.166660001692489,0.0
3.0783498253453145,6.842668238120038,0.0
2.997737100586276,7.786186957808846,0.0
2.1321780648760496,7.031829096113457,0.0
1.0544010177494032,5.950355182796769,0.0
3.1562461303988054,6.820110560101557,0.0
2.8216301243275943,6.660042573357215,0.0
-1.0768981338119357,4.540901764461654,0.0
0.831284732969158,4.815134852050973,0.0
2.503458190235592,6.697068021996418,0.0
2.1683484356095133,7.360386539856071,0.0
1.9269424695977462,5.341042609942175,0.0
2.657071374886235,3.811792126875337,0.0
1.721271606227477,5.95292777416925,0.0
3.276866737419331,4.249400117450447,0.0
3.27631020360795,5.875911208608026,0.0
2.9475464631378183,6.408232939620652,0.0
1.803978321185722,6.314494963794987,0.0
4.726895216876169,4.746049003411205,0.0
4.827498494368187,7.459654126785582,0.0
0.8080000787756827,6.112485058172831,0.0
3.164781466089805,6.919258151420262,0.0
4.130614641379969,7.879831871104529,0.0
4.722862327996211,4.957427667477699,0.0
4.135332161923038,5.493591820535929,0.0
2.2324923508087435,6.057613050998214,0.0
1.7726662857534086,6.681281333787022,0.0
3.193110406229617,7.52499149633866,0.0
3.235911372066119,6.492661842497156,0.0
1.5199041321450093,5.2387493096865825,0.0
1.3874348801351974,4.917230644594159,0.0
2.067788864345767,7.2330458696532745,0.0
3.7566004219274745,5.837629532037657,0.0
3.1558845304416594,4.607601060474458,0.0
1.6466909591887602,4.393800688699911,0.0
3.3182752252749013,6.773410467287683,0.0
4.665476766414658,6.167655525168642,0.0
1.9470281477466274,5.963884002327575,0.0
4.361847408857373,5.468839991223757,0.0
2.261878216431377,6.179061672808158,0.0
1.2309495894111404,5.7261005093907,0.0
2.3576405209629754,5.757977480749682,0.0
2.8822526170051943,6.578857451959165,0.0
4.241284333915667,6.360521946916895,0.0
4.279581942408994,6.556913761592042,0.0
5.498249601290519,7.999454149773927,0.0
2.0245130325016025,4.141905897939729,0.0
1.4061181088996348,7.124846686456261,0.0
3.96452561970796,4.927433962274986,0.0
2.2279348396224155,6.749253150929569,0.0
4.140313969865096,6.130394304058673,0.0
0.9148289349260663,5.174666853693703,0.0
2.359688456138126,7.306879658179012,0.0
3.3070627804389305,6.582442291767191,0.0
3.6603347747662998,5.950701216442687,0.0
3.3320861332567597,6.596655479327133,0.0
2.381219116868615,5.830786070873462,0.0
1.7765909187705349,8.377073711468018,0.0
1.730171347215543,5.219218691465392,0.0
2.3992450783208317,7.089793858409571,0.0
2.5265943739157253,6.069892686379973,0.0
3.4549741251607555,6.219799243367135,0.0
5.399198663273016,5.570891565211913,0.0
4.468266592319749,6.669118589283289,0.0
4.0486605081470834,6.8831611956399215,0.0
2.042719527698406,6.518902829316402,0.0
4.0172557826777,5.5971606662242515,0.0
2.9118887736589945,7.8768700317020475,0.0
2.5944120932710724,4.370319449102139,0.0
3.729281534522503,6.108203667065359,0.0
4.455814210105092,6.642911398803027,0.0
2.4449316281369273,6.026579633887427,0.0
3.1269590309739104,7.425100985444228,0.0
3.408921079146549,7.238611234058837,0.0
1.9825326671048913,4.547918271972741,0.0
1.8507330208547985,7.567129460185026,0.0
1.6286511245226214,5.786037747063335,0.0
5.641419472445824,7.586582370557523,0.0
2.8252395488871103,6.803299027399131,0.0
2.7546988518370426,5.587219432660076,0.0
2.836632598736673,6.3280775794399355,0.0
2.6911580198838614,4.507865788941457,0.0
2.1415020358422745,3.8216098500813227,0.0
3.9914663579216714,4.766661242135353,0.0
3.381960700792102,4.394978789788811,0.0
4.922283489425166,6.0646877210017935,0.0
4.333299122708295,5.422192878230199,0.0
1.8750764673539793,6.250390697643932,0.0
3.8876839279028257,5.424263758109709,0.0
2.361141684692006,6.163006957111419,0.0
1.573460651188219,6.211646838715834,0.0
4.626386483287489,5.742083151421741,0.0
1.934795155312152,6.649064189812874,0.0
2.3133765607722028,6.6740583608194495,0.0
2.2126178173700426,6.54332566456179,0.0
3.279898887211289,5.259600638260769,0.0
1.2344595598234063,7.543092641830783,0.0
2.0808685636828743,7.109713300763554,0.0
4.48616597767985,6.283144249072803,0.0
3.3680486077601675,6.832705838448702,0.0
3.875507592698388,4.7269659145891545,0.0
2.16516025673364,6.15794660365615,0.0
4.81889887823694,5.685279400296387,0.0
3.317395089918756,4.688029054426714,0.0
4.584285419585987,6.028332798688288,0.0
3.205060584242057,7.028246244045212,0.0
2.870014831566308,5.85906213643629,0.0
3.2418701760133803,5.4241171709752525,0.0
3.5846960633977423,4.146795320045333,0.0
1.9120670740104944,4.605209955535457,0.0
3.701147666972303,5.758203817327404,0.0
5.9722880350084715,4.074340563121562,0.0
3.0201614550222495,4.8638188808103795,0.0
1.3546843912776283,6.2666052840620186,0.0
1.598185212723645,6.245155681329493,0.0
1.2462644261813736,5.144970508483717,0.0
2.135315266255144,6.033221114394101,0.0
4.321840052380879,6.544571000844249,0.0
0.45381113847300014,8.368073789486404,0.0
0.22055681220651557,4.147262923695098,0.0
1.4807424475330477,4.6232920857820226,0.0
3.311078666514668,5.974493689940482,0.0
2.9346719060989384,6.188459536094196,0.0
-0.5669601156325657,7.35338040283463,0.0
0.8107891108240346,7.152043770896498,0.0
1.415543346735815,8.360722326247782,0.0
3.2345829461921984,5.733278060729521,0.0
3.58232716944398,8.318454524329098,0.0
1.6550369629855766,5.929177773402052,0.0
3.2858749776447045,6.181868941801865,0.0
2.8765687243414972,6.797092750702356,0.0
0.9508245793045567,5.960577074087126,0.0
4.418690848704814,4.899621285133477,0.0
2.679208517543461,4.84612611123645,0.0
3.8291076405373827,5.935961047331511,0.0
3.253335595989652,6.059810663037471,0.0
2.449715506478604,8.35732077662915,0.0
3.0798800174087586,5.871247709123331,0.0
5.590594820930793,8.659028889762375,0.0
2.1735348650717174,5.036814067493194,0.0
5.647515187840929,8.036458480369445,0.0
4.827792133812949,5.368564073996599,0.0
0.6298289405081001,4.601997593991345,0.0
2.9536900214579376,6.000403473346937,0.0
4.153160239248278,5.240359276705258,0.0
2.365002728847597,4.8485485293682045,0.0
3.751655078971261,5.850241713763405,0.0
2.4892890646007193,4.744994650834634,0.0
2.7698594715348053,6.150908401441703,0.0
2.6042969348363396,7.394375594696511,0.0
4.5687134216254845,6.667026960334633,0.0
4.7386299331349155,4.661787461154591,0.0
3.8340908186839195,6.263751694453336,0.0
2.4487520823819744,4.840505827926783,0.0
5.399892569666965,7.626499036643255,0.0
3.0715733082071788,6.6953840872082555,0.0
2.1484408129861507,3.07159297912461,0.0
3.9064675975194456,8.186481377527828,0.0
2.448263737887338,5.893296404620507,0.0
4.241333977187331,6.06440135648473,0.0
3.1871490034501804,5.347522452504332,0.0
2.0118381450476486,6.894428872086915,0.0
4.683172520122107,6.713444517017493,0.0
2.9712440825537056,3.9769997579868317,0.0
0.7782550229570644,5.798702223009389,0.0
2.1382168012443037,5.655044044887291,0.0
2.35033956805143,6.850267182256659,0.0
1.853288331396029,6.983527475526416,0.0
3.844138938458938,4.65180589804619,0.0
1.331000506903773,7.570973707540341,0.0
1.0950958601852037,6.073576580827916,0.0
4.799512994250942,8.308959141581541,0.0
1.548898395043257,5.814652228068276,0.0
4.049065068061774,6.99796430774376,0.0
2.3715214949097208,6.568766792673422,0.0
0.8341150558125485,9.043327562716671,0.0
5.071306300230504,7.1056725810202845,0.0
4.800023758248905,7.391005870447297,0.0
2.8734297139363076,6.387418457042657,0.0
3.486379740334203,5.687333147587125,0.0
3.4485605464331566,4.9113022203083805,0.0
2.2433114087504116,6.241118700886176,0.0
0.5774088477061525,7.096433925887661,0.0
3.89680785669516,3.5032416651737726,0.0
2.6009807921107337,7.056518165160561,0.0
4.233627576415557,5.533126772258822,0.0
6.140597614616546,6.383047052885002,0.0
3.15751461165318,7.196556228748098,0.0
4.774173254854269,5.725018066907989,0.0
3.129894124005988,6.470552636274947,0.0
4.145280571138205,6.594903508716019,0.0
2.119064910604693,5.987593841534201,0.0
4.039439776877236,5.596140565763041,0.0
2.9457049679205274,5.302706505743096,0.0
2.384277136471079,5.726520879634606,0.0
1.3004684183280144,6.641147682960336,0.0
3.0751085068812922,6.931330094197827,0.0
1.9024228460601906,4.675462935680182,0.0
3.746450381466271,4.521794747440015,0.0
2.2789892394606848,7.01428189986139,0.0
1.5022943711600205,4.520679300477866,0.0
2.336030154724031,6.361951745971984,0.0
1.1861233194183582,9.150542660569508,0.0
4.163326397832443,6.023643548992287,0.0
2.8765334828020994,6.724101095800163,0.0
3.3370439696703897,9.277750677141519,0.0
3.890254422844147,4.804625931940884,0.0
4.766906681396711,5.392796608380311,0.0
2.010158117268531,3.680191172658648,0.0
2.775682386035255,5.814394783321863,0.0
5.263237157996425,7.142997062148936,0.0
1.3894017421478375,6.793931448823017,0.0
4.121016488579224,5.6739674201094985,0.0
4.857114064612618,6.067706785153444,0.0
2.772859410027123,9.2481443150073,0.0
2.258772134156045,8.654219438851996,0.0
4.6156483157964825,6.687330616782145,0.0
4.132915298610874,6.900524846168096,0.0
2.0493760136853125,5.3999977540941355,0.0
4.406743300847554,7.871979369831493,0.0
4.416009993649984,5.489562927333367,0.0
4.011393741245788,5.534158493090461,0.0
3.494604925867064,5.069071861694031,0.0
3.307301761204245,7.209679302545375,0.0
3.7708603576622575,5.403770770769854,0.0
3.9190054388452973,4.621882967056403,0.0
1.7769344499623734,5.518743463935876,0.0
3.763013729909994,7.975215754635075,0.0
2.0607987518947124,6.808385136699303,0.0
3.774697682960296,6.6196117936454115,0.0
3.10691596205252,5.568248651973372,0.0
1.5665879865324521,4.792049907146083,0.0
2.5852746379060356,5.4931841106337504,0.0
3.124347138198412,6.432185783639437,0.0
4.330140717151685,6.221751610168671,0.0
4.014628633397817,5.487968203629487,0.0
2.9885105433059973,4.20253025370446,0.0
1.7463225811186922,5.107669417642123,0.0
1.2209887721261938,6.943552837345014,0.0
5.555918897129623,4.539215713661491,0.0
2.824291832761116,8.574798692163721,0.0
4.0844777343932535,6.8374462156097895,0.0
5.1680487971323235,7.150692137934138,0.0
0.7844779564658317,4.123174157917809,0.0
4.773674993342533,5.06895039955682,0.0
0.9778037375734652,5.69461267349502,0.0
4.637192499880132,7.260331273729786,0.0
3.688859613181451,5.643994635999457,0.0
2.5145363552966433,6.2140888261150975,0.0
3.3529076320525317,5.79530979520423,0.0
3.3849145493213832,5.716201547719623,0.0
4.457967259621939,4.416965666675857,0.0
2.2665245174697173,7.168582162180369,0.0
4.730407118411787,6.380833057519014,0.0
4.930530372332315,3.6986734214377206,0.0
3.373570070024985,6.993962508105302,0.0
3.5446319236442134,8.155462703388674,0.0
2.7370732468064234,7.578751083660833,0.0
4.306290177598266,7.0924011539345155,0.0
3.920331028960775,6.934617734213035,0.0
2.5831728705388244,5.319082173440641,0.0
1.259407362182192,5.987102834092821,0.0
3.081752545441828,6.533677945653012,0.0
1.8412499186622144,5.806236300732505,0.0
3.9227622985990562,6.420048195291967,0.0
1.8326904248158544,5.614443114384529,0.0
4.756725110329364,4.684422640774538,0.0
2.8353532415200924,6.81360612179556,0.0
5.013209921859149,6.846281410610296,0.0
2.3052658297343847,4.084310931585809,0.0
5.142119804313496,6.04780059136298,0.0
4.89639330736261,5.840834477558165,0.0
4.459170019603824,3.822881542487811,0.0
3.202291811752187,7.000678345919092,0.0
2.7687463206339813,5.845749815099502,0.0
3.362556696858855,6.278588036677072,0.0
3.3092605557316324,5.793887579115411,0.0
4.979092258944977,6.461571316388749,0.0
3.406059323314042,4.953380422342189,0.0
4.1040646569538985,4.418469062821029,0.0
3.139569753270206,6.9200166879344165,0.0
1.1989160321653511,6.4347015707772455,0.0
1.433185075099596,4.823281320628162,0.0
2.501323144386805,5.195713402224621,0.0
3.445576719780089,7.279650277407643,0.0
1.9659030057545228,3.80438666127272,0.0
2.906070215049369,5.679882775227471,0.0
5.758727829539085,7.133741363547186,0.0
2.2558995992180266,8.659701510477245,0.0
2.1356449330940506,6.782862109723648,0.0
3.7662804210661545,7.788274396924647,0.0
4.303032841577526,5.145873559882178,0.0
1.4291069227161415,6.69967688802268,0.0
2.3694462857047167,5.553526900731049,0.0
2.5909247973414424,6.935761623178049,0.0
0.6385301529303673,5.65538530253663,0.0
4.159901695533193,4.1766894534393995,0.0
2.296191357052316,5.8184239195267695,0.0
2.831124600045087,7.347422759878757,0.0
2.8563000861202417,4.025054009646429,0.0
4.1069250912027115,7.1026290484778904,0.0
3.009751093165727,4.493096656320467,0.0
4.768163183957386,4.116935052235551,0.0
3.4262263627711125,8.769545063663486,0.0
2.9330778856001922,6.567223711470746,0.0
0.2923304133316029,4.887135920150184,0.0
3.4756035622924926,6.351862422502335,0.0
4.9780939593778,5.827203617945737,0.0
1.9372160676343193,5.824036839729301,0.0
2.4252536534990057,4.688575163250933,0.0
3.1812898523585447,8.244594575846298,0.0
2.321332021912683,5.450871001728735,0.0
2.3245156973564445,7.694775268698938,0.0
3.43602558761655,6.799627685090121,0.0
1.2575448508278686,5.574344549906376,0.0
2.610091327289705,8.144575837578376,0.0
6.40417080517717,2.011538954867785,1.0
4.824233868508968,1.5994323903321876,1.0
3.773110269909263,3.5811036879358564,1.0
6.216090784127014,4.696836274641309,1.0
4.4821313703692525,2.3949678434161825,1.0
5.988835664135856,1.3631839396854342,1.0
5.211388004397163,7.750165503067859,1.0
4.197312232223501,3.382988126388399,1.0
6.413359510114336,5.706658636790875,1.0
4.122207733268673,3.8511905406995437,1.0
3.646366833938048,4.210353668635549,1.0
6.638824938472961,3.91444058619346,1.0
3.786853392114189,4.646111785305149,1.0
4.891028688650835,2.860902132556708,1.0
4.51384583167462,4.639090376989548,1.0
3.75174184368968,4.8268902597336085,1.0
2.611082610714826,3.511334743980693,1.0
5.995950568943906,2.0819694455144253,1.0
2.81077735610386,5.350744896661627,1.0
5.295979867354037,3.1188325452778107,1.0
5.360370980596599,6.0729944830402065,1.0
2.4128765139604527,4.121791811406304,1.0
7.25274988490804,5.617709940555071,1.0
3.917432706633079,6.06902091546735,1.0
6.280263746423413,3.269093115014033,1.0
5.666819612585989,6.104454141394541,1.0
6.007814719519072,2.3069612757273887,1.0
5.777991479791651,2.108582911542112,1.0
5.993488117966744,3.3676771256988394,1.0
3.966828709384517,6.290445469525588,1.0
6.660690690752608,3.3296809819593642,1.0
5.309603639677004,5.8355074256020645,1.0
5.369404754292418,3.907902674072539,1.0
8.317460954297381,6.556145608896701,1.0
5.003753280917042,5.20068612226612,1.0
3.8934186062089164,2.6362592484028573,1.0
4.857583965674705,6.803909578090944,1.0
5.30186166106955,5.788673649859512,1.0
5.254127709464426,1.8164453575803026,1.0
5.7282006470769256,4.483475106014427,1.0
5.722847108278494,5.686262599150895,1.0
4.954507939971199,4.199693443408468,1.0
7.278791090545869,2.6698646848802374,1.0
6.400841135483015,4.476995307778117,1.0
5.81873417635244,4.188281270516526,1.0
4.503494191432675,2.8879332092543297,1.0
5.807429287828343,2.819457610346553,1.0
3.3702771860382583,5.409560435609253,1.0
3.9483686027855276,2.7220537970900125,1.0
3.8727600128837603,4.863323831553991,1.0
6.552981614644985,3.997998769544899,1.0
2.27367414603611,3.7573427692037074,1.0
7.154165941808357,4.899361417842472,1.0
5.109817878324543,4.322658938338525,1.0
5.097732776134566,3.143566936940576,1.0
7.472016395322791,4.775280489850394,1.0
4.663824075088323,0.47072330060368817,1.0
3.9861160454131954,3.5474088309672807,1.0
3.91952956976818,2.7360212378405273,1.0
4.164360062124191,5.107507279777774,1.0
6.474324267875528,5.795939869281344,1.0
5.206131423573145,4.497813642165232,1.0
5.5331806711274165,6.2344992432622295,1.0
5.390806930124256,4.293265344467368,1.0
5.275291542542557,4.034270201605647,1.0
2.585547528157258,3.8262356385157594,1.0
5.315358633996426,5.160440816498417,1.0
6.241580248358839,3.910410814694757,1.0
7.020936423083159,4.720928355238165,1.0
8.593897708497998,1.1060661081257703,1.0
4.854873044856957,4.616606943318854,1.0
1.6116074808222396,5.074620463815577,1.0
5.062508974636411,5.664721385549589,1.0
5.544375196833075,4.466952507688293,1.0
4.2254327185889125,5.6312774007539925,1.0
5.997026322428892,5.7700301271649925,1.0
4.920811489831272,5.191795167176872,1.0
4.137553138755166,3.5903131937642025,1.0
5.821176667158066,4.3673490070715,1.0
5.493585803261103,5.318170371775043,1.0
4.763169470283029,3.9255905749522735,1.0
4.119639877858911,3.1345968920293714,1.0
4.214723376450074,4.533371089502974,1.0
4.537022768713037,4.7380630273436335,1.0
3.8238346710469093,3.7502486157062416,1.0
6.335442796462698,1.9214878370723247,1.0
6.248570844210311,2.80215877718771,1.0
3.3461700918631063,5.428373903261182,1.0
5.25344761262815,6.305819757119405,1.0
4.4730356771599915,4.601925961675233,1.0
4.984924185399524,3.8439766258156034,1.0
5.260361000413005,3.838501619907074,1.0
3.642815399947426,4.7105071787972825,1.0
6.725624542851372,4.403002923959926,1.0
7.004639351597776,3.689258352126669,1.0
7.127566711776572,3.4122875073711545,1.0
4.899830037432917,4.954958198660774,1.0
2.1724582822839076,5.659458075928897,1.0
5.594492593291975,0.9445796817848469,1.0
4.611178241105401,3.7633872846454426,1.0
2.3590952783410932,4.241805993893107,1.0
6.069261564896267,3.7327513352145463,1.0
4.481457839922069,2.918937397841838,1.0
5.503306991498089,3.0953646479243244,1.0
4.283204100578199,6.501452217999784,1.0
4.146726173179876,4.583624913938454,1.0
6.620787269643358,5.760584351044697,1.0
3.1292465973391455,4.0858765087886715,1.0
5.994623570672887,3.6718387439859748,1.0
5.6018632469999226,3.7508103847384904,1.0
5.442012953981634,2.1688194812095554,1.0
4.721689264769292,3.8613040548158746,1.0
6.579985484182185,6.506548273732944,1.0
4.843312206575577,4.895558803855734,1.0
6.52554698274826,4.516111215968753,1.0
6.054983342984396,2.183847987175379,1.0
6.659767080830411,4.196960772764176,1.0
3.764587817970816,3.987350718727168,1.0
5.963317844407263,4.226193482836189,1.0
4.92272109335665,4.715782363399199,1.0
5.36467323086075,4.117818227744256,1.0
4.646091575860232,4.710444984434135,1.0
5.947215777684239,4.115176777003149,1.0
2.161969819542476,3.834983471222509,1.0
4.9514531692850055,4.9882353962421755,1.0
3.8761162307427077,4.099798264032743,1.0
3.6084797915019493,5.0188047236691355,1.0
4.208085336283576,2.0256388371170297,1.0
4.979963490367975,4.342935376350352,1.0
2.379182473598033,5.274560989046218,1.0
3.6463704561363683,5.950055194443273,1.0
5.6483271831560975,3.5054390209834065,1.0
7.576829276431397,6.6726181832262865,1.0
4.2518997686597215,5.379753953641799,1.0
5.623624763328607,2.2507958129461625,1.0
2.980774362633618,5.656141147016723,1.0
2.61478061031199,4.177331005009008,1.0
6.744148199751327,3.185554891252714,1.0
4.152153582106418,5.323631888252558,1.0
5.200283113812601,2.535011801699482,1.0
5.494562697413796,6.205765725096291,1.0
2.600129054772366,5.687232503809608,1.0
6.8550926861806705,5.810042893525173,1.0
3.2814954157161624,2.3882317351206064,1.0
4.934081580042082,0.43056778470168133,1.0
5.262108014635908,5.184493284805742,1.0
6.331509478724066,4.762362131680271,1.0
7.294077742851295,5.147452588869779,1.0
3.571436809720848,3.425257374257676,1.0
3.4793369996889085,0.9232227768364609,1.0
3.5390833555439727,4.835188702980049,1.0
2.2571219575820614,5.788527884259929,1.0
6.473894618986171,1.803883476465066,1.0
6.204179629907097,5.410647765153523,1.0
7.29448770259234,5.289387963770672,1.0
5.556912649839025,3.415471902896445,1.0
5.4537645952146026,6.516334794379842,1.0
5.622078326215686,3.6955377876595996,1.0
4.921332680108449,5.237590249231084,1.0
5.196537671969903,2.916911171402096,1.0
6.041393901541485,4.677151886794265,1.0
8.044814733508506,5.31489517232033,1.0
2.492776820551063,4.828940670481318,1.0
5.226539355739891,3.3190174194012725,1.0
4.767975748981606,2.5972749813722573,1.0
4.106916602620521,3.977227008849823,1.0
5.377487093522644,4.657445264248793,1.0
5.677958119916315,1.8020803475971405,1.0
7.620800256356618,3.853204082272205,1.0
6.888860469432544,7.207815913889469,1.0
4.044676110930649,1.5541773834602406,1.0
7.932142304826234,5.839737994706823,1.0
4.699885877532933,2.6599937090131522,1.0
7.514134834409747,5.077025842559464,1.0
4.967570843336695,5.857796123405373,1.0
4.770886504372088,2.748242079443621,1.0
5.670980167013879,5.206757022218134,1.0
3.7723823501229203,5.586874881072612,1.0
5.650266708119821,5.030432903168503,1.0
6.343293836034523,4.871299518473049,1.0
4.977490654560742,4.702837180728331,1.0
4.187452969402428,3.798567051651235,1.0
3.177558905909896,4.482823506699294,1.0
5.434791964308973,3.85778671667025,1.0
4.5964462970179865,4.942472491809605,1.0
5.9501220136059745,5.2338588007524445,1.0
5.219746166707186,3.742544865697508,1.0
4.970050754946372,5.960514840715831,1.0
7.086119737514309,5.017160102812391,1.0
3.7208719770085077,4.299123592813811,1.0
5.26066225893485,2.1676100864693026,1.0
3.10839302310038,5.547684529030505,1.0
3.201054190863182,3.833236808666529,1.0
2.7915698634909103,4.422445660136047,1.0
4.651598638401829,3.1158149430053714,1.0
3.0009352035411867,4.555883320958442,1.0
4.818914403897743,3.161067179058135,1.0
6.285851734153581,4.787459061217302,1.0
6.162300822259082,2.9995733294011915,1.0
3.3965390920367127,3.7926706624833617,1.0
8.316345668150062,3.8718779546310396,1.0
5.132059855662067,5.097917351167931,1.0
5.577893090705776,5.8967702716245,1.0
6.5123938362264795,3.870952537185433,1.0
4.662164345066236,2.126326034751239,1.0
6.22076480587862,1.4872223084402982,1.0
4.973700212307664,4.2723639648073055,1.0
6.615664125476314,4.640005808422303,1.0
5.089985204711855,3.235731887730963,1.0
6.920375916871508,4.144368170589706,1.0
4.41532041810875,4.559126576520345,1.0
5.593825738724809,3.0990295603019704,1.0
5.370859093855238,3.3103053575389394,1.0
4.8348087497457914,4.575715439323805,1.0
3.978736971767244,4.148978650292657,1.0
5.433489890278911,5.465190261550767,1.0
6.543520551604934,6.093574681122944,1.0
6.535424839058247,4.200790011065735,1.0
4.06261921228703,5.959102071817573,1.0
5.003967731141933,4.66895581477025,1.0
6.379192584600551,5.228530260416849,1.0
8.038990457050087,3.4349639495731896,1.0
3.5449318871293523,4.18885913425099,1.0
6.247849407477377,4.505840266845061,1.0
4.758522032733251,2.9014608743901578,1.0
6.129859303966479,4.541072475110427,1.0
5.931945942198785,5.723680715050588,1.0
6.134854898969393,3.1744927875078877,1.0
5.006215153962296,2.9225248612296255,1.0
7.388801514341971,5.504524039582281,1.0
7.288359934324627,4.724797814720696,1.0
2.25431230760687,3.522085288186357,1.0
3.5356513838329784,5.29955544636862,1.0
4.465881626495637,3.607635051342418,1.0
5.6695452533612185,3.4563073231226693,1.0
2.992711908661274,2.79904673085552,1.0
7.16384881752648,4.988190167932263,1.0
2.0190570896495066,5.630421450843356,1.0
4.1272941691551415,2.567783250821127,1.0
1.0219056829718105,4.690857405789516,1.0
3.214311783734483,4.829155457902108,1.0
6.237075946667093,4.559852660190282,1.0
2.6602434807382087,3.1969161866806717,1.0
4.806297824395565,6.959151862206507,1.0
6.711733131449923,1.5221843892977387,1.0
3.299055180193679,2.5013729973749452,1.0
3.0904016947078468,3.4968963056347864,1.0
5.962184600362168,4.681713983676067,1.0
4.146892815166398,5.179240944374992,1.0
4.30303712806883,1.6672880099529834,1.0
2.894266819732431,2.8329545770009688,1.0
4.772954733910817,5.253365962513574,1.0
4.436303967520762,3.3505921430649868,1.0
5.12366849878786,4.807110014584803,1.0
8.390266521914533,2.3708493697146573,1.0
5.812267852043577,4.161174426054397,1.0
5.316216065085566,4.996994912666757,1.0
6.433700024550621,4.137290994701924,1.0
7.245011019079939,2.758049031689307,1.0
4.19196629409759,5.681968224047572,1.0
2.83616854288098,2.499193985077917,1.0
3.784861147694544,6.326804901935478,1.0
6.511412242014069,3.0225325726972976,1.0
3.14261516008903,4.470707033851629,1.0
4.762469917128601,4.3230178787633555,1.0
6.468349043325502,2.8952955627512553,1.0
4.9233341732217575,2.7056534423702385,1.0
4.154946918288359,3.865266265055356,1.0
4.760204309057468,4.709958981799348,1.0
4.373553975137658,4.035250523686779,1.0
4.722651979161323,4.894745846718741,1.0
7.09282596369341,4.412115399586522,1.0
5.419549008293546,3.8538916904493665,1.0
6.057716870172136,2.1702642575368642,1.0
4.887400793469025,5.2834384831901975,1.0
4.746148469075883,2.8948217993640437,1.0
5.920683760029992,2.4086320813919984,1.0
6.2358656933506875,4.014099224758735,1.0
2.00455638254991,4.1046234338959,1.0
5.419830673311912,4.761393184796253,1.0
5.4752978732343855,3.8143363472298244,1.0
5.23266559304401,4.467560857163106,1.0
4.692092513620988,7.011010113984025,1.0
5.959198978118008,2.5776529378448325,1.0
5.005016375277241,1.9855456226228352,1.0
4.4307772570222355,2.65990602760393,1.0
3.3496281925579137,3.86898240675064,1.0
4.987622658593477,3.8514102507199137,1.0
4.193890157410871,4.260323023431892,1.0
5.4796822437408945,1.905048724859702,1.0
5.720265701905109,2.434306299368501,1.0
2.5560397055794675,3.5833269573500695,1.0
5.587290284543584,2.2171465516757536,1.0
3.0029023063550433,2.831385716621064,1.0
5.55983301931134,3.3655235605025244,1.0
5.401446266233932,5.9552609149299265,1.0
2.0019442893658925,6.128322695760005,1.0
6.452539500909419,3.760612130636167,1.0
5.124813353864651,4.066906320015238,1.0
2.6125021008830696,4.9512393324546125,1.0
7.29003913850906,6.737418370158196,1.0
4.793298475291128,5.623034374146123,1.0
4.642208066242762,4.38984162298954,1.0
6.4543314168455925,5.503410006421163,1.0
5.055926331872469,5.271705292583114,1.0
5.176559079872636,5.367489200799933,1.0
5.793420326792361,1.4820423853958555,1.0
4.9975883961760275,5.812026932439563,1.0
3.814822494893307,5.375251340122686,1.0
6.316130319140447,2.675133670275268,1.0
7.275587799489372,3.5790682359647663,1.0
6.655328407340874,4.56823589450342,1.0
7.1287306234619905,6.702339199182005,1.0
7.059423634899998,4.5465087434399045,1.0
4.208511868505329,3.204461103495838,1.0
2.7368399483119803,5.269621992246552,1.0
4.2055903610298735,5.050591069709158,1.0
4.197378480236228,4.866754385263977,1.0
3.5106321126705025,3.2348389189232702,1.0
2.1343757156575904,3.4235436870567746,1.0
2.9359000468987517,3.5653915240773992,1.0
5.699411681319237,2.18913440798847,1.0
5.427130831025634,4.918778563611976,1.0
5.742345594667594,5.2997961804031455,1.0
5.78705350973812,3.4398383492429407,1.0
5.6616251404142215,1.0897647177806293,1.0
4.80093076414856,3.420569107057171,1.0
4.895278030043787,3.605639628739179,1.0
4.113812485345315,2.343993756259376,1.0
5.90508870977132,5.154431598260302,1.0
4.896615687942335,3.2089223557431943,1.0
6.069123534054659,5.712924870119737,1.0
4.888539709779916,6.364385171989513,1.0
3.842988128469157,2.934207138377687,1.0
5.834167185451649,5.332312964225572,1.0
5.391536629975417,6.028348156393498,1.0
4.9991689265961785,3.5102692984270845,1.0
8.263917266085553,5.780597475539285,1.0
6.3165863760924,3.279089690323048,1.0
5.976483873841596,5.114312762906424,1.0
5.354430851664153,6.767282595049814,1.0
5.803106490915068,2.4130666363553335,1.0
5.61448453443472,2.1462942395095213,1.0
4.034416735391039,4.436963533810273,1.0
5.35166035101151,2.8401424073925434,1.0
6.434683770044259,2.6654788194971695,1.0
4.784344718983164,2.8972131410041717,1.0
6.88429358553474,4.720178940027653,1.0
5.365124318276262,3.754086018880196,1.0
5.128203583990678,6.04940871143579,1.0
5.230396132688908,2.132412009102838,1.0
3.9684957888171994,4.10867266344806,1.0
5.571793940192731,4.769691034849385,1.0
4.035896958759629,3.627985288075976,1.0
4.536488072696949,3.4987629247634624,1.0
5.285309028908452,4.6563389695131,1.0
5.35550235533441,5.8088650015671695,1.0
3.213786176739717,2.3473280812664212,1.0
5.149785167655772,3.691466902958265,1.0
6.575590476339478,4.509317841133597,1.0
5.635616307415739,3.215123700447557,1.0
6.938162962176612,4.516637555052319,1.0
6.288551004050657,3.7802589387274184,1.0
6.464402340070139,3.310544268552145,1.0
5.576158526022842,3.902910569380515,1.0
3.2954418627535356,6.35220987749744,1.0
8.10025530444355,7.114287716706566,1.0
4.687637212744492,3.001630049193837,1.0
4.99825252299249,4.911130280232794,1.0
6.3008088941746765,3.1986985055067723,1.0
2.758897240168249,2.6766228821317113,1.0
6.989015769637057,4.839909126498201,1.0
4.241570356878421,2.9616736827752206,1.0
6.508634755148508,4.008124123020758,1.0
3.8228817655184404,2.532798190784346,1.0
2.8262298171562517,3.139084702091015,1.0
4.244566613832214,3.7074519621233386,1.0
5.632922208817588,3.741105829226145,1.0
4.647540137058125,4.323136481908834,1.0
5.7226583093783265,3.871987117268837,1.0
4.643789064847626,2.3778488053743754,1.0
3.1518165963294504,5.642256839940065,1.0
6.826589123418855,5.066436049675662,1.0
5.015245239974773,6.314744630081448,1.0
5.090960044115524,3.756231495920079,1.0
3.981921630501178,3.4541481709398307,1.0
5.488796626984688,5.173724620410452,1.0
5.712542458263231,5.247637546590757,1.0
3.2702696381350216,2.495728298130654,1.0
3.4282315253308893,4.663808990587048,1.0
4.722589574882713,6.564470136485006,1.0
5.494870199340006,3.8989865716603838,1.0
4.050749702986426,4.144302108043895,1.0
3.4448834248461266,2.05243485106073,1.0
4.281568998793618,3.640146335769681,1.0
6.5874872641073,6.96044836042586,1.0
5.050305214667913,3.3727289307519697,1.0
5.687159588150304,3.670659988288203,1.0
5.642743654740096,5.555220954600475,1.0
3.9201762300172422,2.9699814195018797,1.0
4.659683359246944,2.895559273187158,1.0
6.0887032128081895,5.005175575607019,1.0
3.906122560005815,5.0895635763524485,1.0
5.6975879922319566,6.26712112392083,1.0
5.3566975506854355,4.705954563327455,1.0
3.5001537388138715,4.525146073652295,1.0
3.1915093825208585,4.402576259557588,1.0
4.489746094891983,2.7366808503496713,1.0
3.9538696655420127,4.562366534531361,1.0
5.6113500005987955,5.503908110408699,1.0
5.496675499697291,1.794700625557704,1.0
6.082456028103671,4.652031493283307,1.0
5.001460626466913,4.272149414500871,1.0
6.4003408446713905,4.560735677150139,1.0
5.34211470791644,4.269236251598964,1.0
3.605202765974215,1.7852070674824425,1.0
6.813280674690454,5.6415996499250936,1.0
3.8288564942147842,1.5744189614721176,1.0
8.274125385744188,4.06144935516217,1.0
3.678573951725226,3.7789643502096384,1.0
6.641067144174879,4.301888390612097,1.0
3.9510422744165856,2.6965239285857106,1.0
6.37844508002256,2.155738199272821,1.0
6.85246935952053,6.156039128326926,1.0
5.617047928941912,5.391857641715652,1.0
6.127839348271509,2.7670254778184185,1.0
6.422184702498931,3.3057985016308944,1.0
0.8794000492319309,3.4012313698566006,1.0
4.87453087021121,1.8687176820102405,1.0
4.42151173698899,3.721064187236159,1.0
7.269481280700495,3.9900597145970176,1.0
6.4689555692612934,4.545549797319467,1.0
5.337778076416265,2.6875891037410873,1.0
5.395136692685563,2.4695450583762177,1.0
2.9860617129778806,4.939280842680965,1.0
4.478863950185008,3.292265101122487,1.0
6.473839441997678,4.578869673945684,1.0
2.4493607942789786,3.167501470982863,1.0
3.5849155746386794,4.004880538281172,1.0
8.858804491547316,3.4750645088852856,1.0
6.362487263813087,3.629211827118043,1.0
6.183229460283988,3.4869720188190803,1.0
3.279548357848543,2.379353440120469,1.0
5.062276950970428,5.228295882008402,1.0
6.1155600219877675,5.879965901464299,1.0
5.709328540762447,2.2947525709884484,1.0
6.8022343074843885,5.715062223396426,1.0
7.518244068100949,2.995947121100045,1.0
5.406001249808118,5.152350776018546,1.0
5.280219299454352,3.328810524829117,1.0
5.323476315309696,0.9964006807828856,1.0
4.260625506786815,5.147746834091212,1.0
4.38841117774249,0.9447493979332076,1.0
4.757208364870822,4.233197316290834,1.0
5.611192627340399,4.9686004264048025,1.0
3.7247639115223534,7.252263013305999,1.0
7.771810379290828,0.7795371152793797,1.0
3.770985030491323,5.996553817674595,1.0
7.419870678932074,1.3165269780710518,1.0
3.631131645256459,4.130002343579985,1.0
4.856558914204779,2.08333920872088,1.0
2.2867232254557854,2.8060089976877007,1.0
4.864629712744692,5.189852340239936,1.0
6.064806745822779,3.807504322083351,1.0
5.622061357051103,2.4129015962547227,1.0
3.980891181299984,2.663726888529978,1.0
6.166183247298573,3.5077474291917685,1.0
4.710435477669673,2.0914322379906602,1.0
3.6218202090937197,5.134376731101636,1.0
2.6526887240351464,2.0926968400334234,1.0
6.023874322203777,2.501506157708332,1.0
7.294541157687535,6.786049529667303,1.0
2.749168497022895,2.490139896165747,1.0
4.1832998172454845,3.4556839391951066,1.0
4.750211857402129,1.70419740601396,1.0
6.472819975289094,2.764616459197387,1.0
7.973450456689036,4.753159366747723,1.0
5.4054300851501855,3.904764881669302,1.0
6.535813621488539,6.3177379932823925,1.0
4.698204576588879,5.270920775776548,1.0
7.023647936496759,5.132322803464665,1.0
2.9895244260316995,2.545464149132827,1.0
4.328142954224602,2.418156700869063,1.0
4.426145541146532,4.201646629939325,1.0
3.038829586186122,5.3199312756015,1.0
3.7907102496136478,4.582556493830018,1.0
5.18740182314805,2.8993599447858944,1.0
2.8695845042839507,2.978505744685237,1.0
5.570129617706176,3.8145823877529965,1.0
3.146680152394011,6.637119180861708,1.0
1.9355090813697182,2.064846937973187,1.0
3.7142792499430497,2.6656362327401135,1.0
3.314141433145166,4.034624249304185,1.0
7.068464748998942,4.885667788536141,1.0
6.020296091791975,4.242409970681976,1.0
2.253787940162362,2.6095462174203217,1.0
6.562943476408341,3.3464187127006184,1.0
4.6754099720661815,4.824974371351023,1.0
4.167469071660334,2.874653726228826,1.0
5.302502788460273,5.482321810940489,1.0
5.277380129457904,6.487396769109736,2.0
6.4048655311512475,7.997717374350602,2.0
4.916793699772568,4.776401076620015,2.0
7.585038905443761,4.799584588432739,2.0
7.117537440334412,5.610339196140632,2.0
4.724453235565847,6.4809778044321185,2.0
5.091425036874772,7.440418126033301,2.0
6.324978812272109,6.769982320955351,2.0
5.59850471562951,6.169668776976225,2.0
6.225674770307047,5.8089473467462405,2.0
5.681139803183452,5.461466596049722,2.0
6.358506175423012,6.329445327852035,2.0
6.4492194122789614,5.302681025581915,2.0
3.2537829021474782,5.21296286031991,2.0
7.248907345226639,5.987576767566557,2.0
5.701600059618772,5.965909681469899,2.0
7.064794946883441,3.881279964227716,2.0
5.4240901247126985,5.44716777202585,2.0
5.393637820225626,4.761916661741129,2.0
5.155153524489809,6.615777388092823,2.0
5.702578494961758,5.830360260116513,2.0
6.514140258196704,5.2312155498378115,2.0
3.8997077658728503,5.542261874714935,2.0
6.393642993560423,5.058554105734772,2.0
5.6714409562352515,5.249220277372573,2.0
4.538554302277992,7.666754174953459,2.0
8.449376928489816,4.292685652241137,2.0
6.363602142575094,7.078283433441259,2.0
5.9578038046872255,6.105485124003273,2.0
5.958231807700379,5.300258158447794,2.0
3.320517208885285,6.991930106950411,2.0
6.1848851531713445,5.175273941811332,2.0
5.884756183983352,4.92498737437691,2.0
5.137217956094009,7.74238370089118,2.0
7.4100071724348515,6.248947144002721,2.0
5.405755182428556,5.743166242750765,2.0
7.560604011238615,6.20876495559279,2.0
5.45228118151162,5.678642075207722,2.0
4.02478298694954,7.310436512293288,2.0
5.384287014132581,5.838828326655153,2.0
7.889644885576346,4.361282851179132,2.0
6.158157639652442,7.12759843050691,2.0
6.0025673069324945,6.855102244773128,2.0
6.1950538040201035,6.2575425778570715,2.0
6.287069450137476,5.662842058450674,2.0
5.834063245712427,4.8297691604427495,2.0
6.499281816925365,6.834396622693024,2.0
5.204360810587177,6.975799244809259,2.0
6.432614499075013,6.874190021765154,2.0
6.957492692416456,5.185660070374819,2.0
4.8095801124781135,6.298090794660226,2.0
4.131284119754155,6.261980778592738,2.0
5.281064780050418,8.078609181929227,2.0
5.273494947864045,6.529503966438305,2.0
7.19245037598713,7.779584500683882,2.0
6.7365065769803,6.301656401986128,2.0
5.951767001140859,6.544875209334915,2.0
6.078854541122459,7.276483009215541,2.0
6.03221676697518,8.911432813314782,2.0
6.474497583883542,5.664391644904445,2.0
7.662805358401676,5.117633059362756,2.0
4.44828950002486,6.5912446290757005,2.0
6.9521553437386,5.987365777816171,2.0
6.622172146841866,6.560154243403081,2.0
6.644227073576191,6.840037125508681,2.0
5.770553295979088,5.290710881539207,2.0
3.995622259339783,7.671552415755412,2.0
7.732019806875859,6.491551635618452,2.0
6.014346824636003,8.009887651531107,2.0
5.450169204083185,8.15698399225248,2.0
5.861014462276454,7.208870167621486,2.0
5.208047216257517,5.702477877756686,2.0
5.746186923121607,6.137811555884298,2.0
6.210408404036502,7.266293910174763,2.0
5.0823213976869255,8.38005446856085,2.0
6.578118323447979,5.255898430228132,2.0
6.25762804316485,5.010607445447108,2.0
6.201694056388942,4.453170525579546,2.0
5.996099321864753,6.649715502938918,2.0
5.772129066543013,8.228212795004337,2.0
6.252283177719761,5.10371135675868,2.0
5.774177087133431,5.5757565933196105,2.0
5.3769362729471295,5.774987894264698,2.0
6.938907630722678,5.271906003059856,2.0
7.769703129232266,5.073475325702034,2.0
4.595370346006382,5.267830665994668,2.0
6.827074217999944,7.0474745617872445,2.0
5.213376066169894,6.740550903754446,2.0
6.536593590649222,5.648241793633563,2.0
5.981910957867461,5.5244966953697565,2.0
6.325152391705326,7.587247467936566,2.0
6.197125855466571,5.494190521603715,2.0
6.565988496392504,6.422461925784678,2.0
5.110367088817392,6.38348547724561,2.0
4.91233385611975,6.852255874816622,2.0
5.964738287609707,5.6018532450898295,2.0
5.028183155974032,7.268619410779026,2.0
6.690860323652682,5.141616814343407,2.0
5.261281094925134,5.66720735180853,2.0
6.262941792718003,4.311516568295296,2.0
5.866254612031049,5.629245228443312,2.0
7.172842198811105,5.560021741907094,2.0
5.823870850231815,5.361683744606932,2.0
7.016905777526008,5.397504801614356,2.0
6.1807720259486025,6.261903052971374,2.0
6.1744651707352265,3.849986919143811,2.0
5.764474335008454,6.485403418226745,2.0
5.668566132301163,5.762362278754077,2.0
5.178541582988605,4.647141132312965,2.0
6.444118451253625,8.272036796966486,2.0
6.208392890392081,5.8152120592668215,2.0
5.716213723344948,7.8884972982927835,2.0
6.235370967983607,4.04082076607347,2.0
7.018873914127646,6.5864529935955165,2.0
7.8912521626178895,7.3755598902053965,2.0
6.430766040842592,6.853336888271181,2.0
5.670464064906138,5.428594153027255,2.0
6.173380695519857,6.204215746355346,2.0
6.506596361830952,5.723100515725613,2.0
8.306821816421394,5.064046931999335,2.0
5.82653995847015,6.034601780802321,2.0
6.139686620648574,6.030158169510655,2.0
5.490061885299151,6.758917790961349,2.0
5.142457374161866,5.629907061571614,2.0
5.330403745343043,6.263202638629618,2.0
7.460550052050897,6.37355667524527,2.0
5.618150271032598,5.963152026718314,2.0
5.181353132461144,6.666804901668602,2.0
4.656611477017508,6.274042429871112,2.0
5.4483237869542975,7.382552433968666,2.0
7.119456913189684,6.159391830282411,2.0
4.913502061713237,4.986636951739889,2.0
7.402465599865937,7.109166114042766,2.0
7.133157244820493,5.02154263421566,2.0
5.163118183726256,5.623664020195543,2.0
4.008505627135213,7.77700391923954,2.0
6.882468054557246,6.064405530016665,2.0
4.684734200919387,6.3683962890940595,2.0
7.025231246857198,4.346267295133343,2.0
7.250242395529541,5.184170727471687,2.0
6.782812499799269,6.016503564395433,2.0
7.190027842430741,6.192090005989423,2.0
7.05889075703067,6.71188824912568,2.0
5.836221274757207,5.429835477619539,2.0
7.4874992306371535,5.955775299407799,2.0
5.203718739782035,5.502274331502944,2.0
5.992523726721222,4.067032407275057,2.0
4.189589635276582,6.7032529591608325,2.0
7.363133236946917,4.831586609064905,2.0
6.364357742304897,5.20884245468981,2.0
7.2522133043287615,3.9455079949048533,2.0
6.262663317938115,6.5074272060794405,2.0
5.1980481914546495,4.834626384851243,2.0
5.531828697944169,6.10147262322051,2.0
8.012557180703752,4.439720376804497,2.0
6.919680669481437,6.07283013547612,2.0
6.196926716148381,6.725249099854319,2.0
5.7945349931727606,4.996275702495666,2.0
4.407652759449282,4.726379502546544,2.0
5.896270680337977,5.45576250694112,2.0
6.020519076078342,7.097673979316114,2.0
5.277273980660914,5.104975321215534,2.0
7.159232359668882,6.2358596883915185,2.0
6.57179250795561,7.166966143568466,2.0
6.158250497099633,5.087377761407415,2.0
5.359508901631109,6.5557086341967405,2.0
4.743081081676665,5.524273077256132,2.0
6.867874143661647,5.856720260551469,2.0
5.181028378660361,5.823915005036128,2.0
5.4766323351575545,5.7180950981102745,2.0
4.527692477249131,7.091259282080252,2.0
8.414184465877087,5.1149311804934445,2.0
6.380955170721492,5.042664811342121,2.0
4.955869537482369,4.888934055278352,2.0
6.531379157549785,4.103759348529666,2.0
6.093587576622169,6.475730543644442,2.0
4.904547972334618,5.781335679929294,2.0
5.523995758405821,7.432894847619477,2.0
5.7282027593257405,5.699994850783385,2.0
4.966518410796301,4.848337403594788,2.0
6.214199705670087,7.673126624902145,2.0
5.263782271043458,6.0007928226094736,2.0
6.53094405219387,5.721956371066155,2.0
5.733834712302991,7.26878487875511,2.0
4.965999404772108,5.984471627733731,2.0
5.616807135934069,6.512962815138728,2.0
5.330669087196907,5.732538876663919,2.0
5.222705910415285,6.41100947371081,2.0
4.438812535682165,5.011489455743453,2.0
7.8181054465990085,4.335332339769556,2.0
6.450867400313608,8.059813679998458,2.0
6.382400638795948,5.0824686226559175,2.0
6.68891558885419,6.82698501682402,2.0
7.883025920939388,6.697677826863638,2.0
5.543257640227784,5.5701279517974385,2.0
6.338377362396064,6.139317737575207,2.0
6.817602104425296,7.91384252182252,2.0
5.764359505852747,7.443260051887472,2.0
6.826416513996002,5.343120578544379,2.0
8.004847769665595,4.68343801756606,2.0
8.981259526908918,8.191753583107152,2.0
5.691009970741751,6.64985030545517,2.0
5.994541181564664,7.410466673394743,2.0
6.599196928118133,6.433031510591488,2.0
6.56959905269424,6.899218395883904,2.0
4.235830956999742,5.0451759784696,2.0
6.873865299485464,5.302290787945725,2.0
4.234719425069923,7.271448348949849,2.0
6.295801598047926,4.73476595997041,2.0
4.329001409505051,5.190863041635854,2.0
5.067141356510015,4.471232766155354,2.0
7.260721144844532,6.946785716205397,2.0
6.700321778133615,4.858258394994824,2.0
6.297666609473214,5.709539919399531,2.0
6.109562189233763,6.748835108438094,2.0
5.643912827971248,5.740524622416692,2.0
6.731783419804515,6.175930343622157,2.0
4.385936338966412,6.2682928819368495,2.0
5.5872691495300035,5.397096528162897,2.0
4.216243687612868,7.159753324608676,2.0
5.76095079660738,4.3027993487793035,2.0
7.053476145502465,4.572298822329624,2.0
7.271239085031418,6.267641569820997,2.0
5.433858153507568,6.341742675402134,2.0
6.085775055263622,7.734141958357602,2.0
5.894232237126034,6.344728007124883,2.0
5.497971733125302,6.362006023000093,2.0
4.99345962630897,5.453491935253432,2.0
6.200501202153909,6.378918139594662,2.0
4.815135429334163,5.306600735738639,2.0
6.525119735675183,5.642350389161085,2.0
5.608458060450308,5.86561285039067,2.0
4.400817484037164,5.847487982120983,2.0
5.893180905568983,3.828069163210427,2.0
7.777140223112888,6.099338655804758,2.0
7.34296559471003,5.028849512150614,2.0
7.467475167850061,5.001038741211003,2.0
4.175875977586503,6.54336927889601,2.0
5.838157600811765,5.756417054831845,2.0
5.304947619377201,6.282777853200604,2.0
5.47248260241364,5.703663821492864,2.0
6.071256356886951,4.828133938318672,2.0
6.172694472360041,4.462796518266332,2.0
6.1312925326135375,5.513463312555018,2.0
5.921179772969926,5.731981968244091,2.0
7.8264916674384875,7.974763333206205,2.0
6.17970832451253,6.41896094595146,2.0
5.80265302506235,6.939820530618503,2.0
5.435971278255465,6.767718025321997,2.0
4.99529254687751,8.214032981687625,2.0
7.772628000721838,6.275053303462639,2.0
5.363698907533073,5.922345150188518,2.0
6.328365446073971,5.675316172741715,2.0
5.707496567854292,5.70272600554732,2.0
6.8171026260369825,6.115093905945193,2.0
6.059616484970659,6.0412471222853945,2.0
7.029817765881845,7.048324296448504,2.0
7.25120923284628,7.201113534579348,2.0
5.422382872396621,6.299361905602309,2.0
4.571422929766218,5.749982606802635,2.0
6.372238276468957,5.683299686493285,2.0
6.9924537517971945,6.1226589623031575,2.0
6.038844754696473,6.188441838061503,2.0
5.539846537420844,6.754991425235134,2.0
6.409901003740287,5.323773994218165,2.0
7.110861823213259,5.241802399118698,2.0
6.082106788678706,5.1895916777425635,2.0
5.024125934510267,5.824617618166696,2.0
4.91634878653773,6.091532114318349,2.0
6.2855811061410325,8.176138399734533,2.0
6.785349188449038,7.701873995824114,2.0
5.3596587688561055,5.398782417681943,2.0
7.665303088831629,4.865630264226601,2.0
6.525670537531766,4.815587042020149,2.0
6.1019321001934355,7.511306350173211,2.0
4.552935945310178,7.258711044894118,2.0
5.426958324656231,6.052967428860015,2.0
6.252741979144723,5.1990566276745005,2.0
7.9357198611997575,7.172145645327836,2.0
7.320099821842078,7.045701132783746,2.0
6.441310067595473,4.929731602810587,2.0
5.113209983558419,5.708117211263121,2.0
7.0031634501838465,6.826334049785732,2.0
5.560755961082688,6.135254205247565,2.0
5.395815923537954,5.28682205455334,2.0
6.230114340281381,4.395673627431606,2.0
5.350673995779025,4.138013352287323,2.0
6.258909828985893,6.451229893290045,2.0
5.9842945322546885,3.872512915018275,2.0
5.789920418200283,6.5245086499767035,2.0
6.757781213599259,6.933153099886275,2.0
7.350276644252739,6.615717714266678,2.0
5.191288638657002,7.281565855123239,2.0
6.839793779567165,6.623184706820943,2.0
6.502730512708062,4.588018045949125,2.0
5.9448328623044,5.632283893541777,2.0
6.918915860773777,6.996135471433552,2.0
5.929610689860631,7.048550432367463,2.0
6.655954886758428,3.8840117154845797,2.0
4.850375680638751,6.5894776116352265,2.0
6.580159213884681,5.9309103539621635,2.0
5.232258905515559,4.552570795875237,2.0
7.045197948549722,5.62884105876706,2.0
5.224259609520329,5.418445331411134,2.0
7.419038993757809,7.703374310880759,2.0
7.3829787543022745,5.18513537639902,2.0
5.263832957954264,7.067412111353051,2.0
7.946987053565607,7.241720635188446,2.0
5.694887128968205,6.847069585911416,2.0
5.717162842384099,4.446471776003588,2.0
7.592372339459463,4.81331651867228,2.0
5.953486209975326,3.9016482298126824,2.0
6.189222450448115,6.460491251386267,2.0
7.691117818426746,6.561165563936707,2.0
6.881208126488976,6.02699936873237,2.0
5.552398246845657,7.090977900494309,2.0
7.177607773940947,5.358956102191366,2.0
6.284227517776867,6.135595226963105,2.0
6.73615730019684,4.594677563586384,2.0
8.292189848727574,6.077885428745073,2.0
5.198776429908225,5.085173176881382,2.0
6.271566987601041,7.36098674167099,2.0
6.683880806843522,5.995165374851547,2.0
5.606750238239712,6.406167816878101,2.0
6.647093826467649,5.782066349375646,2.0
6.774845752922582,6.524871921910691,2.0
7.772370227290487,7.170551392854068,2.0
5.758326273556206,5.243464699652352,2.0
6.8681810162342805,4.850833773957353,2.0
5.931989788463141,5.432098363773669,2.0
6.442633651955313,5.405444276408065,2.0
6.943647513591763,6.241328042112453,2.0
4.232189478503166,5.656138306210498,2.0
4.507574435569543,4.493424368857955,2.0
7.248456508039831,6.782976333145977,2.0
6.093935451501709,4.909672332916283,2.0
4.785803334969511,6.7837444578866215,2.0
5.838988264160672,6.664446661903402,2.0
6.78625932306581,5.581002366122307,2.0
6.829870485908881,5.655765283336011,2.0
6.264025824554207,4.828639177180024,2.0
4.838740133900549,5.460245655637852,2.0
7.151293253767122,5.994119529294335,2.0
7.782955558802886,3.855822558710979,2.0
5.55213303721296,5.382217907780521,2.0
6.3955637540623425,4.087174218547709,2.0
5.796042792379924,6.97079915132641,2.0
4.995381658036383,4.921273908159726,2.0
6.711611480195077,6.960550075722749,2.0
7.73088584076895,6.89915052120051,2.0
5.179050456348609,6.66093621827285,2.0
5.320229536369146,3.6757253962888963,2.0
7.583386741777942,3.8887843200980323,2.0
7.034130316886284,5.554867316118042,2.0
4.413694152287437,7.012734426642114,2.0
4.913258250865978,6.209417187714764,2.0
6.288469351465271,5.92605956159679,2.0
5.044049143753932,6.450457177217328,2.0
4.310309951534812,7.158429816917046,2.0
5.55007142898477,4.78691976764172,2.0
5.7627458177841975,3.1816698126261844,2.0
6.04425143479735,4.000936367213278,2.0
5.664572394030966,7.179162834040408,2.0
5.656053846400346,5.09974594027426,2.0
5.78224778805386,4.675564741382107,2.0
6.7705495276447465,5.088007507468041,2.0
6.266348957762905,5.298914653612947,2.0
3.5602233772330627,4.685597801090623,2.0
5.665008513566153,6.6507062930017256,2.0
6.827953709242437,6.554554699320033,2.0
5.065151719353856,6.467602037959195,2.0
4.81238683820077,5.8131627190032065,2.0
5.56106010738846,4.7587957057251185,2.0
5.407404484948037,4.431387052927731,2.0
7.0072084834817225,5.024681887653111,2.0
6.038968833653956,6.326340511767062,2.0
4.236239393023896,4.4882681599137255,2.0
6.466594737177685,8.05409106417221,2.0
5.736800776749257,5.27461133624117,2.0
7.652534371922989,6.000831031775123,2.0
4.179745186731135,6.7781744728017,2.0
7.168595233032437,5.693075315881221,2.0
5.457225375751357,6.138373329915558,2.0
6.128637127625064,5.1676357852190815,2.0
6.741153465438784,6.432843949430315,2.0
5.621365513659476,5.375034271497014,2.0
5.58903080111734,6.33613845633913,2.0
5.816569427863875,5.824697054611886,2.0
6.6830990062823865,5.485616763508555,2.0
5.77730738153741,5.734491703868661,2.0
5.485347018469874,8.559746856981558,2.0
4.506287054995105,5.235057485026273,2.0
8.050411738621616,5.987205656566191,2.0
6.280602769666056,6.702440568300812,2.0
5.562858032127327,6.990848174288066,2.0
6.422267793743422,5.911036482089018,2.0
6.272258975392749,7.138528005776938,2.0
5.583561583007591,5.976935367734683,2.0
6.7975352592061995,5.269629608118894,2.0
8.129808689373494,4.829608390729851,2.0
5.5770457064442995,4.88096810513168,2.0
4.164379363723724,6.995869244681061,2.0
5.615616820624105,7.519868681887239,2.0
4.647835820634446,5.492112793932218,2.0
5.846587031026813,7.823879360753083,2.0
5.697573630613397,6.3635297551487175,2.0
6.437881471669632,6.65898650517105,2.0
6.370372748076553,5.813873409667293,2.0
4.512850809490358,6.264481735798355,2.0
6.590039205903522,7.302192010183594,2.0
7.423681341487334,5.402979394981839,2.0
6.63915861579749,6.207042539234843,2.0
6.943276633347503,6.008695242869538,2.0
5.529390145119992,7.021478696696121,2.0
5.45360554053626,6.6203160532987155,2.0
7.261995181659904,6.498767052093354,2.0
5.9382433104897885,7.504605658823259,2.0
5.645524437049666,7.531484752701915,2.0
6.029182720868255,6.053474422454775,2.0
5.562337999814721,6.540052567818065,2.0
5.168976532028564,5.891483799168779,2.0
5.954435716055066,8.066175889372499,2.0
7.5189074631891275,6.518953064126541,2.0
4.829926844077564,5.2595449657438245,2.0
5.476389805261402,5.192939456055647,2.0
5.062504532128624,4.894600749425574,2.0
6.49476088829056,4.099621867720334,2.0
5.436282473926395,5.216387243443721,2.0
5.322259171032216,4.519220064816327,2.0
6.232434792270149,6.005871963189188,2.0
5.878608531437969,5.8040950320023095,2.0
6.87084237925071,3.815808639685625,2.0
6.227683491542917,5.12384909790822,2.0
6.309054849929276,4.765896157469452,2.0
6.27323338861849,5.939341520528415,2.0
6.849712605891702,4.712640147008944,2.0
6.699619938220367,7.619026282660359,2.0
6.904315814856853,6.081806810173869,2.0
6.16915591819678,7.064743393507137,2.0
6.338944028104192,6.498248996322231,2.0
5.492952064825285,4.64436709596688,2.0
4.160240501104869,4.766719300177538,2.0
4.394348248518611,7.348759776515128,2.0
6.018340294028488,7.30320743113611,2.0
7.584880211423529,6.003049636787524,2.0
5.9149629320913695,4.969649743251739,2.0
4.487428805669515,4.890192133248796,2.0
4.0343030876990325,6.606946897868641,2.0
5.425066747880785,7.256087913470772,2.0
5.894587483517947,6.089442108129414,2.0
6.787241384914056,5.777154186767645,2.0
5.849695467675242,6.292022764552084,2.0
5.779746857730078,5.5187916404977075,2.0
4.344815913027961,4.207778785334293,2.0
5.552697788198908,6.303492747035559,2.0
4.473571084108364,6.603599470502262,2.0
5.631540063254953,5.21216997900025,2.0
6.152270708907212,6.679109510222193,2.0
4.175622942165431,6.016058661946198,2.0
4.689863445070061,5.106345977906642,2.0
6.7711990088234675,6.478815608189535,2.0
4.57930051575571,5.631116114626345,2.0
5.546738057753679,6.832814752442793,2.0
4.914188335842326,5.588924108745664,2.0
6.4320612878837276,6.242534619930809,2.0
5.796519072633534,6.119890898002998,2.0
6.570879270125197,6.090322644399515,2.0
5.782813039626762,5.866063637614403,2.0
6.91624998177496,5.189172424595323,2.0
5.943021033941055,4.364525980699351,2.0
5.873541730340111,5.9423907702191805,2.0
5.371431805541858,4.222828822345992,2.0
5.88790653168043,6.037573723313936,2.0
4.325260921240852,5.562462469051729,2.0
8.209665402715954,6.071591395350355,2.0
5.897444583190929,5.169113139768179,2.0
6.999394799498524,6.878848156764368,2.0
4.818857457013696,6.892280594183754,2.0
5.427550465220514,3.9212743910038714,2.0
4.685262073960594,6.8847329273777165,2.0
6.296448585069371,6.495786625650255,2.0
3.6263580958358914,5.453572400718109,2.0
6.036502982408648,6.168073207666087,2.0
6.126561256952595,5.105890352812703,2.0
5.98018351674659,5.102388057399818,2.0
6.232822272409892,4.640234064791198,2.0
4.706324927197804,5.645699324074011,2.0
6.1570192746645995,6.190045883977106,2.0
6.463782365780498,5.684585230020931,2.0
5.597469423206103,6.5394942525244,2.0
2.202381027528199,4.8798322428108225,2.0
5.894016406397956,6.345678228608887,2.0
6.272703681165871,5.329821679314999,2.0
5.409070635393773,4.213150386552229,2.0
7.232583254602327,3.777534783022687,2.0
7.929097910125481,7.354085062439775,2.0
4.648087588369129,6.3583250137324185,2.0
5.777319074970909,5.566097569585595,2.0
6.419654618151549,5.918117260925274,2.0
6.13327533762437,6.731084673235582,2.0
