x1,x2,y
684.89325,-30.76469,3
689.39795,22.4573,3
662.90182,-26.8747,3
717.24557,6.55521,3
655.71138,3.19142,3
655.80315,-23.67522,3
676.85828,-63.72015,3
617.72927,-19.80934,3
638.95291,9.8671,3
641.94184,-38.54975,3
712.9804,0.42497,3
670.84883,-32.16616,3
652.28723,17.28104,3
633.86831,28.60036,3
650.14204,11.95355,3
649.85679,79.64647,3
667.23355,-4.28071,3
692.02899,-5.80354,3
673.31644,-24.59859,3
626.88656,43.46558,3
688.55147,46.06745,3
662.57709,35.25829,3
621.32369,26.05934,3
651.47674,82.72978,3
675.20476,1.48447,3
674.20281,46.1808,3
643.74049,79.43909,3
694.52978,92.38061,3
637.9587,58.51704,3
672.59238,100.40869,3
647.78232,68.91912,3
628.4544,41.94681,3
685.49097,121.86181,3
658.40949,114.61959,3
670.85734,68.49634,3
670.27247,137.3246,3
657.76207,141.45355,3
579.63465,122.49915,3
660.21249,92.1967,3
659.71191,44.86163,3
649.7109,118.52072,3
699.96381,95.57466,3
630.6821,99.38218,3
681.69289,127.60617,3
637.61595,136.44696,3
655.68305,153.41006,3
630.95515,117.81901,3
639.48358,87.03791,3
659.3446,142.06574,3
649.81268,130.48335,3
606.38055,128.18458,3
637.72678,120.0146,3
642.32034,159.47936,3
702.87938,155.86595,3
653.1394,151.66179,3
586.95306,156.36201,3
645.41065,234.31257,3
636.90474,172.71517,3
640.69032,131.85732,3
675.05676,192.71997,3
663.52778,146.11999,3
680.88975,134.58097,3
655.4051,245.58023,3
607.06117,166.10278,3
638.7291,171.20763,3
588.1664,191.58391,3
601.74841,206.94479,3
604.95051,242.43985,3
607.93588,189.47949,3
654.72379,165.40957,3
636.01143,244.73852,3
579.8171,214.24649,3
634.67667,235.33981,3
588.59492,175.44344,3
640.16962,227.13296,3
630.8188,231.77735,3
601.68065,231.50613,3
629.63571,206.25664,3
675.56372,245.04482,3
582.58315,253.663,3
587.79843,260.70932,3
650.49826,215.60046,3
643.3281,255.72219,3
637.75999,303.354,3
604.39289,226.94312,3
583.71046,228.17936,3
606.70924,265.98009,3
615.93449,283.64622,3
606.6204,305.51518,3
596.87235,346.58585,3
622.14896,242.33078,3
569.80425,285.57744,3
593.76447,295.57402,3
613.18808,275.01276,3
572.09504,234.78867,3
582.59665,308.95525,3
600.89354,248.91301,3
598.13019,300.85919,3
564.86853,296.91846,3
591.56548,261.01711,3
598.97333,315.12167,3
619.13729,332.89644,3
543.70732,276.12413,3
598.86573,322.64115,3
597.22905,425.77033,3
597.25299,347.20823,3
607.08073,335.62785,3
567.32279,341.79196,3
551.90213,314.84694,3
558.81786,327.32812,3
641.09631,271.76605,3
590.50809,282.30628,3
554.01204,366.25159,3
568.33414,304.13756,3
543.16844,359.7361,3
540.92448,348.71157,3
562.3967,325.53075,3
623.52814,366.94851,3
496.62204,356.36792,3
535.6755,379.18176,3
529.89258,352.99216,3
566.94329,385.22338,3
513.89665,352.02307,3
533.75552,345.25645,3
599.05233,379.79477,3
506.33356,397.96089,3
605.88272,404.16934,3
494.68153,361.4293,3
576.30123,357.47769,3
549.62648,404.6887,3
506.50875,382.39621,3
435.07023,356.17296,3
522.70965,352.18397,3
577.2244,349.4163,3
513.00304,398.93597,3
567.3819,354.62117,3
556.965,400.67732,3
490.53831,416.89667,3
523.856,387.68019,3
517.86611,396.77023,3
517.05266,430.82626,3
559.09003,376.45028,3
573.35027,357.63416,3
502.64286,436.44793,3
513.45076,402.70856,3
496.58943,409.18011,3
482.9518,452.02819,3
509.13046,408.31216,3
523.1829,440.86703,3
518.34339,453.07473,3
466.83805,419.9074,3
511.8649,457.54001,3
486.5451,445.25383,3
523.21607,426.48095,3
499.00099,440.64532,3
473.7476,482.14628,3
502.71858,476.04894,3
514.78664,454.7232,3
493.73524,447.2232,3
480.64426,455.05366,3
471.46007,479.228,3
441.62284,526.54876,3
433.59662,429.7438,3
496.11661,492.30007,3
477.68155,489.76964,3
456.1638,446.35902,3
456.36722,455.30743,3
480.89725,473.54437,3
424.41806,470.63646,3
459.09904,465.67633,3
419.56148,492.19674,3
449.083,471.96385,3
425.09775,496.40759,3
393.2703,449.48399,3
412.63253,487.55411,3
440.97527,540.45559,3
454.82924,493.62184,3
425.96964,470.55687,3
423.41475,494.17334,3
431.07111,480.20408,3
434.37881,553.17858,3
412.93399,521.41062,3
434.28907,499.47291,3
417.68512,514.02491,3
411.25992,492.58175,3
406.422,532.82416,3
446.56788,548.7617,3
464.9658,499.04966,3
423.86666,529.64396,3
460.70784,501.95543,3
367.12889,510.27028,3
325.9006,514.51405,3
364.13061,536.82006,3
394.43465,590.60179,3
409.96239,519.00479,3
351.75533,553.05148,3
336.34932,595.20639,3
408.57859,528.14277,3
319.03099,584.77625,3
364.20913,583.2232,3
317.0235,530.02263,3
362.21542,551.31496,3
345.74876,570.47917,3
324.40564,549.39682,3
357.21762,570.96226,3
372.12274,523.63705,3
301.90751,597.54012,3
355.04818,538.57495,3
388.75237,566.30571,3
374.72709,566.65311,3
398.29234,619.06597,3
326.11415,597.31713,3
350.04903,610.97923,3
298.8363,592.2381,3
356.62463,520.61658,3
286.45375,513.90992,3
310.94068,598.30714,3
361.15683,580.68353,3
361.99973,538.72323,3
259.08692,580.11119,3
318.74954,582.43383,3
242.23561,582.3638,3
262.14829,606.73593,3
309.29608,560.04331,3
279.89021,558.04281,3
290.42634,620.03852,3
259.72789,608.05616,3
270.37744,570.68454,3
280.05238,564.93483,3
263.6246,561.56252,3
336.13938,600.04886,3
253.16224,606.88775,3
267.73343,595.30194,3
286.47051,626.10417,3
249.06574,587.53751,3
253.65761,537.1727,3
213.37499,648.63999,3
305.09456,601.55121,3
269.95038,619.7334,3
341.92163,645.34178,3
242.61269,584.43197,3
195.14537,620.53072,3
217.5304,573.07278,3
217.69959,584.59244,3
284.58064,644.77145,3
230.59066,663.98881,3
230.00824,595.00501,3
270.23224,638.24869,3
190.26652,617.59385,3
191.95487,583.02738,3
242.84246,682.98594,3
169.9281,643.76927,3
189.18819,613.42784,3
187.75242,603.26791,3
203.79115,605.38977,3
207.25504,629.92634,3
188.77337,605.30633,3
175.43388,656.27926,3
204.55454,605.35965,3
189.29187,658.28118,3
133.00956,653.07807,3
159.98785,654.91735,3
153.73873,584.65946,3
124.57534,641.23937,3
177.95365,613.64258,3
186.07543,591.88607,3
161.68635,606.34508,3
140.86023,645.02571,3
131.34502,632.97953,3
184.08395,628.10613,3
175.69937,612.4026,3
163.25196,690.40597,3
69.93359,624.10136,3
158.1161,642.75031,3
148.65534,631.53972,3
136.83177,645.79068,3
165.97682,658.87945,3
137.77695,639.66043,3
109.72252,639.79398,3
132.8825,640.87922,3
126.43688,716.49285,3
140.56863,645.1562,3
147.15918,643.38473,3
46.66361,626.05846,3
48.36494,646.41368,3
101.71947,707.89419,3
107.6499,651.65398,3
119.39641,592.50279,3
98.25194,682.55656,3
43.49234,694.32088,3
94.6685,648.11115,3
100.15806,729.23598,3
83.28899,669.09107,3
60.70806,636.66222,3
96.05241,636.97196,3
69.9404,648.80551,3
78.81161,673.60965,3
92.215,648.74765,3
49.63702,635.11738,3
41.04688,676.21523,3
73.72578,637.63094,3
73.74284,706.34848,3
56.69445,722.35042,3
17.71273,629.05784,3
-15.80186,711.61347,3
53.82248,665.383,3
39.22083,633.58797,3
100.82318,671.5151,3
27.35996,689.68098,3
35.13464,674.87773,3
-6.38482,682.54217,3
70.4141,708.98131,3
58.37188,653.48652,3
-22.48988,665.23733,3
5.49111,702.0083,3
-50.33426,715.22436,3
-7.68095,656.67037,3
-36.68487,619.95371,3
14.99179,671.90522,3
-51.78421,630.94325,3
-26.54137,719.93983,3
-27.63834,624.83213,3
-30.60589,661.78559,3
-107.52336,668.36298,3
-36.92804,690.88619,3
22.08544,703.78877,3
-44.83306,636.77152,3
37.05139,671.70297,3
-43.11429,669.14544,3
-40.97208,665.4648,3
-67.50654,653.29992,3
-54.66086,653.29667,3
-78.44466,672.66971,3
-68.089,714.45764,3
-143.34846,701.92776,3
-29.8157,606.80923,3
-80.85691,657.67976,3
-116.17871,645.28421,3
-110.64669,720.96623,3
-52.63401,706.30786,3
-62.42796,634.03643,3
-103.18623,682.3197,3
-127.48561,688.7426,3
-101.40127,655.80591,3
-76.23095,680.06004,3
-111.75539,701.17737,3
-136.7233,684.52461,3
-89.86163,656.39295,3
-101.23213,627.76249,3
-86.65487,659.34915,3
-133.41495,695.95057,3
-142.21911,621.79431,3
-171.14109,681.78009,3
-166.2063,715.77906,3
-193.60022,713.54817,3
-128.15837,659.25615,3
-154.18058,673.61853,3
-142.30365,694.21425,3
-141.08677,665.07884,3
-158.7583,658.29989,3
-141.94945,608.12555,3
-194.9598,681.13477,3
-152.71611,652.7075,3
-160.6139,668.02853,3
-180.68149,633.60995,3
-161.93198,626.94987,3
-158.87518,604.54948,3
-143.56022,669.11483,3
-170.06275,683.71155,3
-131.0847,683.93986,3
-239.57694,614.38341,3
-206.39343,652.79947,3
-175.41359,629.47451,3
-188.63108,627.79951,3
-215.8665,607.45944,3
-228.50094,608.29113,3
-233.35912,679.61747,3
-235.8398,726.13038,3
-195.82907,651.83888,3
-239.6459,666.42218,3
-234.42656,648.17649,3
-143.61277,640.72195,3
-189.19055,621.58027,3
-227.96732,694.85569,3
-248.97099,695.14554,3
-212.16905,622.92282,3
-217.66427,667.98255,3
-221.21226,590.69265,3
-264.90583,629.35171,3
-248.5449,654.35972,3
-244.19599,594.62598,3
-241.33109,651.9351,3
-239.1481,664.95666,3
-234.12367,645.20888,3
-264.44047,580.48944,3
-252.63569,635.41826,3
-260.5601,589.73914,3
-304.31682,658.47478,3
-276.24379,646.14846,3
-277.37387,625.40405,3
-253.23539,607.82267,3
-281.6549,608.21313,3
-300.72207,611.56838,3
-284.16582,605.22803,3
-256.29371,591.48404,3
-302.70293,603.84695,3
-256.81159,621.63703,3
-272.38343,569.86,3
-298.43871,639.78711,3
-307.08669,643.71895,3
-328.17233,652.67632,3
-246.77859,598.13714,3
-332.19579,651.2353,3
-274.52199,590.54454,3
-337.58638,596.35851,3
-368.37902,575.81938,3
-361.22749,578.8971,3
-335.19455,607.49479,3
-290.68262,569.04033,3
-310.70441,591.07919,3
-344.7472,616.23669,3
-379.96683,605.94302,3
-344.3061,607.7083,3
-343.63165,665.04325,3
-374.43842,573.88931,3
-376.99235,571.57539,3
-380.40399,622.31625,3
-321.64375,567.91501,3
-392.19824,597.55714,3
-386.75508,600.76558,3
-367.05357,534.65396,3
-329.66096,632.33701,3
-397.40655,565.14982,3
-373.37554,585.12059,3
-365.11557,633.6849,3
-393.09242,547.70763,3
-432.06733,547.99238,3
-394.57688,622.00674,3
-411.99824,573.11938,3
-399.84086,600.27935,3
-326.40984,546.90941,3
-419.76194,592.35437,3
-387.4742,614.61103,3
-393.25645,546.59755,3
-395.88911,588.7902,3
-391.81979,568.88642,3
-387.25049,586.87254,3
-380.59334,569.36684,3
-429.86987,552.40529,3
-391.45005,521.58064,3
-419.36483,532.35991,3
-432.33304,580.57159,3
-430.22335,541.65573,3
-479.50346,560.68151,3
-422.08515,601.20954,3
-453.41532,540.89117,3
-439.42308,579.63185,3
-452.47633,538.65734,3
-434.08365,533.85033,3
-468.40676,532.02708,3
-425.48809,493.34824,3
-456.38124,501.06646,3
-427.18217,474.28796,3
-482.45435,529.20056,3
-421.36392,513.79954,3
-487.61833,570.08185,3
-517.02517,445.54535,3
-462.99636,494.29764,3
-509.4354,528.44711,3
-474.07553,488.09865,3
-522.37927,529.00682,3
-467.03409,497.65747,3
-433.70034,466.31746,3
-537.4138,475.43767,3
-495.55344,501.25771,3
-503.94991,502.26956,3
-536.77508,532.75903,3
-504.19854,520.69102,3
-493.94633,498.58872,3
-489.61808,496.01932,3
-489.90129,520.15262,3
-505.74802,499.2262,3
-516.78515,518.82579,3
-536.82297,527.30487,3
-520.16269,427.99602,3
-517.53016,448.11864,3
-498.55784,446.59074,3
-539.55496,407.09092,3
-542.11938,388.65691,3
-578.43636,481.7704,3
-509.70265,469.29493,3
-564.63156,452.66174,3
-538.06417,416.89271,3
-495.17609,475.50384,3
-549.21699,447.51768,3
-538.63464,382.97605,3
-554.58747,421.27448,3
-579.49469,430.79589,3
-497.7773,455.93812,3
-571.09289,451.36334,3
-514.21424,459.38706,3
-556.63109,409.69135,3
-539.68605,438.34469,3
-535.9773,443.02529,3
-533.53442,405.33249,3
-527.67459,424.7264,3
-507.10144,395.52116,3
-519.43061,419.52207,3
-593.18968,396.44577,3
-585.38247,421.05462,3
-562.19914,388.47569,3
-580.71421,467.30168,3
-530.24379,413.46004,3
-583.0036,401.29798,3
-567.79884,364.32998,3
-595.97335,342.26302,3
-578.31,409.03335,3
-606.80384,434.12419,3
-631.08963,340.25072,3
-589.57834,412.86263,3
-547.77607,364.94124,3
-567.9022,374.80107,3
-607.39686,399.70518,3
-584.59039,323.13327,3
-561.7925,409.04806,3
-626.77076,376.73043,3
-595.08464,369.87832,3
-628.30282,339.10203,3
-614.43482,391.61612,3
-599.22109,342.49033,3
-594.22535,265.31802,3
-584.74684,295.73953,3
-631.90278,311.48866,3
-661.67592,377.04261,3
-638.65859,349.74329,3
-627.81336,350.78113,3
-625.86534,295.09331,3
-600.03228,315.87505,3
-678.35401,314.94055,3
-588.35597,350.37855,3
-645.54645,311.47377,3
-646.42992,381.32532,3
-627.00262,328.98736,3
-609.21777,320.30493,3
-649.54889,304.29789,3
-645.56271,306.1109,3
-623.20851,305.81725,3
-624.66655,298.86088,3
-645.88065,238.35211,3
-622.32939,305.70087,3
-621.44395,205.41905,3
-590.28352,285.11198,3
-621.22524,255.08799,3
-637.60889,251.66082,3
-676.21192,337.65502,3
-664.71142,283.72062,3
-634.36632,289.02446,3
-657.41846,282.0521,3
-591.27647,266.31694,3
-658.77908,296.50041,3
-633.06456,297.52007,3
-648.47186,224.54057,3
-620.01935,221.35517,3
-661.31683,230.0254,3
-673.67869,259.41808,3
-663.45747,259.10784,3
-626.01548,256.94479,3
-683.06509,269.14354,3
-641.35476,200.26854,3
-660.40025,255.00157,3
-688.51739,272.10104,3
-685.34521,231.45448,3
-687.27355,225.00589,3
-716.19226,178.18238,3
-636.67622,192.81458,3
-715.44521,150.45543,3
-706.04904,172.19243,3
-638.78114,239.00198,3
-709.83214,273.09731,3
-660.8653,192.59056,3
-766.41565,267.86961,3
-734.22042,146.57985,3
-662.94041,265.92959,3
-653.15812,206.4443,3
-677.89693,211.91436,3
-674.00941,191.52746,3
-694.67336,177.98877,3
-721.42486,168.21625,3
-750.58553,170.45142,3
-730.42981,137.0543,3
-696.33484,208.67773,3
-675.12607,116.55373,3
-733.29259,188.63844,3
-733.99082,150.41843,3
-688.91132,124.84483,3
-703.13254,110.60785,3
-725.19995,156.9513,3
-755.79802,157.29716,3
-709.43081,157.37864,3
-702.94185,178.44518,3
-706.70426,121.35191,3
-707.5779,147.2423,3
-710.55094,128.86662,3
-733.83047,104.46368,3
-755.58691,173.53624,3
-751.54672,96.95648,3
-736.48912,141.28262,3
-724.47548,148.55503,3
-736.50577,116.17717,3
-742.0195,168.84318,3
-753.22903,110.46154,3
-699.21369,110.25605,3
-724.39548,90.61962,3
-718.11626,86.77344,3
-691.09188,154.16562,3
-737.29454,43.41951,3
-723.76365,158.56588,3
-745.75469,127.00651,3
-671.82652,57.88124,3
-705.58499,119.99423,3
-734.50906,61.686,3
-741.05022,33.99951,3
-743.52647,24.37059,3
-723.45779,34.63407,3
-717.88263,7.69881,3
-715.36949,76.02199,3
-785.49142,58.87636,3
-689.21647,8.00217,3
-676.22031,53.49697,3
-747.8825,35.88667,3
-710.30073,36.47167,3
-711.18997,3.20157,3
-722.55764,-14.96082,3
-731.24477,-3.03911,3
-750.2271,57.78716,3
-695.65881,35.60356,3
-761.38809,4.46111,3
-692.43005,14.82779,3
-659.43105,18.9978,3
-723.42109,-5.45413,3
-725.33162,-4.13441,3
-708.23354,25.76035,3
-753.1791,-46.25873,3
-784.79185,5.53642,3
-762.89661,-77.6721,3
-718.21183,58.32216,3
-730.10854,5.30413,3
-727.51242,-26.20029,3
-702.41953,-35.325,3
-721.97823,-20.34907,3
-750.03454,-3.62197,3
-735.21609,-59.43876,3
-713.83112,-67.10344,3
-729.02375,-43.80574,3
-697.21874,-32.67367,3
-730.45649,-25.76369,3
-687.89319,-36.94395,3
-729.16622,-96.41437,3
-761.29126,-69.59642,3
-747.46792,-69.4285,3
-727.31144,-51.30748,3
-730.93795,-55.98124,3
-726.68448,-133.21736,3
-756.57818,-81.65204,3
-764.45205,-62.7065,3
-681.98546,-47.51527,3
-734.04175,-42.72883,3
-722.89262,-100.93435,3
-745.45262,-103.2656,3
-738.37745,-92.44726,3
-721.58026,-100.83502,3
-712.9384,-68.57201,3
-697.19272,-152.20161,3
-801.91353,-82.98652,3
-765.90257,-121.11864,3
-759.58368,-171.79268,3
-707.80427,-98.31415,3
-740.8951,-202.17348,3
-739.52256,-116.0393,3
-767.02183,-125.64154,3
-722.61684,-117.11015,3
-718.05704,-167.02508,3
-685.21805,-145.93049,3
-721.38893,-172.51164,3
-733.30672,-174.39401,3
-724.61899,-99.83225,3
-759.99388,-202.92108,3
-674.09189,-164.12178,3
-737.67326,-129.96978,3
-735.12755,-109.70841,3
-695.96328,-182.44468,3
-650.90774,-189.29421,3
-692.67404,-165.45611,3
-675.17858,-130.8983,3
-712.54863,-203.65147,3
-698.97156,-204.68217,3
-651.61512,-183.55281,3
-722.20647,-185.40295,3
-750.87478,-223.3825,3
-673.64685,-217.22779,3
-740.249,-184.70436,3
-672.43709,-182.51432,3
-677.27749,-230.06169,3
-748.94812,-165.5886,3
-715.09328,-221.42016,3
-664.67037,-200.47052,3
-689.92712,-155.46524,3
-721.98111,-195.83354,3
-700.02128,-218.85989,3
-654.91803,-214.9269,3
-683.64794,-201.22639,3
-709.7545,-261.81279,3
-729.14367,-298.85726,3
-635.09105,-276.18797,3
-702.37717,-254.6163,3
-685.46411,-225.05491,3
-667.80332,-270.22934,3
-697.54689,-247.46442,3
-698.89421,-210.92097,3
-675.58902,-240.28916,3
-669.30119,-230.32002,3
-682.61095,-307.61243,3
-674.88955,-291.42584,3
-701.56194,-257.46622,3
-647.36288,-277.58527,3
-674.03902,-230.31746,3
-674.8588,-206.48803,3
-663.87825,-340.51007,3
-656.99024,-279.39508,3
-639.62967,-273.77095,3
-681.19256,-333.82572,3
-682.01109,-325.73654,3
-691.84252,-285.68141,3
-623.00105,-294.61007,3
-707.63103,-296.21713,3
-634.49695,-330.94716,3
-673.04281,-315.30489,3
-691.18071,-299.3823,3
-669.85878,-309.32318,3
-691.43682,-338.10452,3
-641.7075,-339.2305,3
-610.12211,-343.09236,3
-653.72781,-306.17628,3
-701.54192,-390.02189,3
-703.26855,-302.35656,3
-672.54785,-266.51731,3
-671.39816,-340.74863,3
-606.67147,-289.11688,3
-589.53914,-316.05572,3
-619.09734,-337.53041,3
-624.88888,-374.8337,3
-671.19172,-361.38361,3
-650.14294,-377.85572,3
-622.52305,-338.56842,3
-639.12542,-325.86249,3
-674.37695,-378.95104,3
-659.96535,-432.08221,3
-639.26129,-382.67531,3
-589.68339,-363.02715,3
-664.10437,-329.24912,3
-595.02554,-370.32107,3
-636.71481,-419.47093,3
-639.3362,-360.92062,3
-569.86815,-350.1726,3
-639.29304,-432.93669,3
-618.60889,-455.27099,3
-611.33452,-409.50683,3
-633.19091,-455.77203,3
-601.96831,-426.75532,3
-650.6266,-499.77662,3
-614.49365,-363.26671,3
-561.95589,-432.96361,3
-627.97191,-407.99488,3
-637.95544,-415.80257,3
-583.1063,-390.83733,3
-607.1647,-436.53524,3
-628.55751,-458.0018,3
-607.057,-424.93535,3
-570.88636,-462.80314,3
-551.53124,-449.58338,3
-594.95768,-466.59832,3
-665.03545,-420.38323,3
-568.18138,-458.05729,3
-586.24233,-436.84237,3
-633.08075,-470.88534,3
-560.31576,-495.32572,3
-573.26335,-501.06779,3
-565.99067,-464.10281,3
-626.33816,-430.74451,3
-597.8098,-492.63721,3
-567.63006,-436.50322,3
-601.98418,-471.73435,3
-556.49477,-455.40362,3
-561.90316,-489.80925,3
-589.84871,-478.80523,3
-594.99727,-571.61066,3
-547.53595,-459.42208,3
-629.30797,-519.39137,3
-537.62028,-429.92318,3
-553.33371,-516.02595,3
-557.19479,-455.46654,3
-568.82502,-523.20466,3
-561.65445,-530.33386,3
-541.20601,-455.48774,3
-532.89569,-514.28171,3
-549.03238,-556.0787,3
-511.4628,-513.97877,3
-541.03668,-418.29985,3
-524.31407,-539.08493,3
-543.71,-484.50458,3
-525.15208,-564.52163,3
-498.59259,-543.82146,3
-467.57821,-493.76802,3
-534.79294,-490.1197,3
-516.92229,-505.33606,3
-501.98922,-558.66735,3
-533.39958,-504.72345,3
-521.68691,-550.06555,3
-537.83665,-527.57007,3
-444.83535,-574.61405,3
-503.50151,-502.5195,3
-504.12325,-533.60099,3
-531.1007,-536.59688,3
-502.32716,-522.136,3
-458.56428,-476.27061,3
-474.25905,-546.42102,3
-483.26792,-569.01499,3
-476.38561,-569.49479,3
-478.91631,-523.30517,3
-511.58583,-530.82465,3
-439.28496,-570.73847,3
-539.85244,-587.59393,3
-434.67491,-572.19557,3
-500.94141,-588.79039,3
-443.11104,-559.37004,3
-472.85466,-588.88894,3
-474.78631,-607.65588,3
-411.90906,-591.7397,3
-421.18228,-538.50422,3
-425.06443,-599.15299,3
-440.20864,-588.97792,3
-476.72852,-580.55592,3
-482.27578,-556.67787,3
-458.12049,-588.28187,3
-432.95104,-604.07905,3
-421.10696,-612.54101,3
-409.8174,-640.64202,3
-429.404,-544.05017,3
-460.43497,-624.49243,3
-412.22809,-600.70125,3
-414.33742,-593.32826,3
-403.01646,-576.61455,3
-406.95617,-619.0314,3
-396.25704,-556.67174,3
-417.58777,-644.76498,3
-377.56187,-620.98775,3
-473.11103,-593.78716,3
-421.1386,-623.74555,3
-392.2584,-617.12049,3
-378.06462,-637.69215,3
-381.07673,-634.19214,3
-371.41876,-609.70898,3
-418.75091,-597.34082,3
-403.86291,-607.41482,3
-373.85328,-578.23326,3
-388.65548,-645.56639,3
-379.60547,-645.87626,3
-352.08786,-686.95,3
-404.75173,-672.16037,3
-341.67916,-590.45922,3
-370.36105,-648.47933,3
-362.15731,-610.18105,3
-389.10297,-639.49469,3
-329.0422,-633.20688,3
-349.61877,-619.78784,3
-433.40368,-631.04799,3
-368.92194,-707.85375,3
-330.94909,-613.26097,3
-347.38674,-627.40587,3
-291.86573,-618.05142,3
-287.99869,-636.72713,3
-331.89099,-708.52733,3
-338.48515,-687.22842,3
-262.91722,-668.65551,3
-321.28463,-648.26749,3
-320.60108,-615.37881,3
-337.5102,-661.79554,3
-338.01965,-708.62297,3
-331.00674,-671.507,3
-322.43428,-692.52717,3
-348.63974,-675.59135,3
-348.48037,-651.62514,3
-297.74773,-719.46693,3
-306.37305,-699.60357,3
-284.39115,-638.10874,3
-347.08501,-676.1397,3
-292.49117,-660.70334,3
-278.14262,-704.64047,3
-290.95552,-707.18479,3
-245.94321,-683.87202,3
-218.02142,-687.52326,3
-293.13733,-732.29162,3
-322.80166,-735.56568,3
-257.51043,-673.92588,3
-309.77122,-663.46712,3
-273.63316,-687.02969,3
-207.5752,-665.62806,3
-260.79294,-720.35329,3
-314.08148,-716.26091,3
-252.6458,-725.35495,3
-247.02943,-694.47171,3
-246.61224,-717.29947,3
-231.57686,-685.5477,3
-266.11359,-657.46885,3
-233.11962,-700.20659,3
-205.67123,-694.73518,3
-195.07465,-694.06184,3
-238.78843,-692.75864,3
-251.46921,-701.25941,3
-214.89206,-711.65639,3
-214.48474,-762.74927,3
-223.81958,-704.37357,3
-199.28723,-738.83847,3
-162.8327,-734.82692,3
-168.43725,-696.84344,3
-213.6209,-657.20167,3
-226.75246,-683.6722,3
-157.6314,-732.13535,3
-142.57675,-720.27212,3
-172.38813,-705.6991,3
-181.7729,-689.90657,3
-150.63023,-767.39286,3
-131.99256,-765.50175,3
-136.83096,-682.4999,3
-197.2177,-729.28352,3
-194.33806,-724.04871,3
-167.0831,-694.83718,3
-115.20498,-676.96633,3
-168.04854,-725.70726,3
-198.35307,-744.18436,3
-115.56806,-672.10231,3
-178.20507,-738.88912,3
-138.62518,-713.23961,3
-158.777,-709.43572,3
-145.35752,-723.08805,3
-111.40489,-722.94256,3
-137.53379,-726.88808,3
-123.73969,-735.14848,3
-125.49715,-676.52088,3
-97.54809,-733.76062,3
-90.10749,-735.31048,3
-72.46093,-714.59008,3
-107.51047,-712.61503,3
-148.05269,-760.2005,3
-133.37749,-722.44385,3
-42.21606,-660.11153,3
-71.68024,-712.32731,3
-141.48235,-743.91868,3
-107.71163,-746.53341,3
-85.74867,-742.32392,3
-136.70841,-705.96081,3
-106.13565,-721.4413,3
-8.35381,-756.40452,3
-143.10689,-737.59106,3
-30.79058,-670.43214,3
-97.32617,-714.43687,3
-71.0186,-732.65525,3
25.65204,-774.68852,3
-42.68449,-715.67489,3
-14.34103,-726.85612,3
-34.29066,-741.61865,3
-32.0756,-740.22219,3
-18.11925,-741.05561,3
-22.07023,-730.86971,3
3.78151,-731.54181,3
-79.80773,-692.13418,3
-50.40557,-749.58029,3
-37.72043,-688.69327,3
-80.53805,-635.73673,3
18.59633,-723.09844,3
-11.35014,-721.13906,3
9.31193,-710.24295,3
13.72742,-726.78938,3
-5.48047,-733.87605,3
-2.02788,-695.16946,3
25.00496,-817.2226,3
30.25331,-722.9809,3
13.3921,-740.27426,3
51.0528,-699.97232,3
-2.48197,-715.94964,3
-5.07158,-769.29653,3
8.6491,-701.76666,3
59.41553,-711.96008,3
55.94438,-711.56519,3
18.3153,-713.77447,3
64.93869,-703.76874,3
79.9588,-704.79743,3
58.19811,-693.57484,3
50.22048,-751.75214,3
49.48367,-747.24329,3
37.47792,-728.81585,3
37.3162,-733.28699,3
7.63377,-717.20098,3
67.82958,-747.64789,3
90.9197,-694.52738,3
26.2621,-745.03929,3
54.75874,-749.84154,3
106.05885,-726.92998,3
76.57816,-780.68566,3
106.91247,-757.18601,3
92.98148,-711.1093,3
135.334,-758.10146,3
7.25671,-712.71151,3
155.18226,-680.43268,3
110.77848,-731.70817,3
132.02102,-745.50744,3
125.4135,-700.46288,3
146.24119,-632.1471,3
129.51612,-729.49973,3
120.28171,-766.58103,3
103.50931,-725.0492,3
111.92622,-707.44609,3
106.27076,-677.6159,3
134.24029,-710.74001,3
127.68412,-705.00355,3
165.55689,-734.85558,3
124.33943,-717.11999,3
106.98171,-731.73665,3
136.34198,-680.06213,3
161.772,-699.60519,3
182.68436,-708.63735,3
172.12925,-706.7004,3
171.62962,-720.15833,3
93.75315,-705.76004,3
212.84442,-672.98562,3
202.36354,-662.7129,3
179.29623,-692.88645,3
161.337,-707.28158,3
201.56485,-660.66073,3
182.12851,-709.24524,3
189.54286,-676.6501,3
149.42138,-762.50295,3
179.42571,-729.15461,3
183.89713,-695.86689,3
188.73804,-646.74424,3
215.32658,-680.1734,3
227.37368,-722.20659,3
243.05848,-689.15312,3
235.17156,-717.85916,3
171.61066,-659.97468,3
232.67619,-710.36556,3
198.44863,-648.31835,3
192.00483,-631.56335,3
203.81121,-660.43873,3
224.10783,-660.22663,3
220.77336,-681.92267,3
241.4485,-705.80601,3
265.56349,-689.82322,3
239.59222,-702.92867,3
172.6852,-677.48537,3
325.03213,-646.85777,3
255.16772,-676.90902,3
259.50469,-651.22019,3
226.48477,-632.80069,3
286.44221,-643.26648,3
281.19978,-662.79044,3
291.28911,-644.1766,3
263.53278,-677.6764,3
280.25332,-612.52035,3
243.06087,-701.52461,3
288.20611,-654.46547,3
291.48542,-647.15213,3
282.6036,-608.23886,3
244.27959,-676.23916,3
292.20858,-699.11488,3
293.0225,-598.3956,3
301.90897,-639.72473,3
266.45393,-663.52824,3
295.97168,-652.94613,3
348.6377,-625.04689,3
279.79752,-632.73114,3
331.03277,-604.25621,3
366.43911,-667.2337,3
297.62578,-672.81422,3
317.8513,-619.38802,3
357.40404,-633.93508,3
321.09233,-625.36754,3
308.52879,-565.48384,3
288.24007,-620.86353,3
400.05636,-624.42356,3
336.51664,-633.55884,3
339.66701,-579.84409,3
281.57508,-573.2068,3
308.05558,-625.37589,3
340.73142,-597.8725,3
308.49052,-599.80302,3
419.98001,-652.68889,3
367.74929,-629.76501,3
377.63294,-607.42944,3
348.40072,-591.45254,3
424.55547,-609.88719,3
394.78812,-641.01623,3
347.26323,-586.09044,3
423.23125,-587.6255,3
372.05794,-596.33315,3
346.66974,-576.1812,3
413.37458,-605.87096,3
375.5162,-582.31035,3
379.21895,-590.23603,3
458.00541,-593.61515,3
386.94683,-603.56996,3
422.69609,-587.50681,3
383.55238,-540.34445,3
448.27478,-595.89692,3
352.33344,-545.54664,3
390.42345,-549.92837,3
354.48164,-544.73161,3
379.86163,-547.43635,3
419.2266,-595.81459,3
409.17846,-544.43145,3
427.14697,-545.30071,3
485.83335,-607.56,3
477.61583,-555.28932,3
404.68453,-596.10432,3
428.51225,-526.30802,3
432.88636,-506.37325,3
395.69363,-549.80876,3
404.1622,-536.26319,3
470.83471,-557.50897,3
368.58469,-536.61962,3
462.28513,-528.1492,3
488.71712,-570.0877,3
474.49956,-499.84705,3
403.17357,-523.6871,3
443.83256,-533.36495,3
471.80358,-543.16705,3
443.5059,-525.14489,3
433.55208,-556.3519,3
488.93139,-555.83711,3
490.90865,-505.08022,3
421.50245,-536.85814,3
511.44556,-543.52805,3
464.02396,-497.78183,3
503.77975,-516.72914,3
464.66276,-464.04001,3
537.05311,-474.86235,3
489.73169,-525.98198,3
464.53276,-483.55348,3
504.25985,-454.66487,3
513.47103,-539.27827,3
527.75334,-521.58987,3
486.90086,-481.59344,3
560.50277,-393.24257,3
521.03479,-489.46604,3
521.05617,-454.75989,3
497.57638,-424.94207,3
516.26139,-461.2645,3
531.48726,-460.93715,3
538.81535,-489.47994,3
499.023,-501.33427,3
531.06925,-442.3186,3
533.71676,-412.7988,3
521.9022,-440.30808,3
491.39268,-469.31003,3
547.07051,-429.54069,3
519.43305,-454.46852,3
484.75048,-460.32834,3
559.01974,-429.64844,3
549.33663,-442.68876,3
536.52379,-461.25931,3
559.25875,-426.07858,3
555.02319,-451.73736,3
477.61775,-400.2808,3
529.79495,-456.3083,3
566.89307,-439.4057,3
579.80197,-406.34615,3
570.41263,-463.03678,3
588.15199,-411.41321,3
542.58989,-412.1326,3
502.24204,-401.34917,3
526.49517,-451.3544,3
513.53904,-374.55029,3
542.15165,-359.06693,3
546.76143,-453.43855,3
531.13182,-362.27382,3
561.7288,-412.91852,3
572.97055,-378.52959,3
603.44225,-347.23277,3
560.86349,-427.56543,3
560.97481,-377.06348,3
546.17412,-410.66603,3
587.09451,-380.48246,3
579.44459,-398.84097,3
573.21426,-400.86825,3
608.48358,-339.13091,3
528.02904,-395.1129,3
540.14152,-383.75959,3
584.14262,-404.77173,3
560.58391,-388.41685,3
596.03724,-353.22589,3
569.73212,-347.00208,3
576.53436,-357.44932,3
644.67429,-306.07134,3
557.00467,-318.37131,3
621.84075,-374.68198,3
623.55428,-291.05967,3
566.79201,-361.67909,3
632.46087,-322.95841,3
619.92322,-317.82783,3
616.53293,-364.77494,3
637.64987,-286.82146,3
600.75204,-320.13503,3
563.08907,-300.31789,3
627.55762,-314.5194,3
645.48514,-319.57753,3
630.03637,-337.04015,3
613.72025,-308.56939,3
622.49963,-311.30673,3
613.0947,-272.31536,3
605.21933,-342.1637,3
672.078,-249.38621,3
582.07566,-266.99595,3
606.99215,-276.6339,3
632.13074,-288.41614,3
600.9984,-298.93965,3
598.21768,-300.0118,3
624.86484,-293.35793,3
648.50316,-224.09008,3
611.78604,-258.3421,3
645.30882,-248.17543,3
633.71214,-236.86086,3
647.00071,-293.07169,3
659.69221,-226.1183,3
611.78772,-248.38889,3
656.23943,-252.59131,3
668.96661,-172.17554,3
614.21981,-281.2979,3
647.92048,-214.98962,3
632.87083,-189.80379,3
600.61391,-209.37442,3
623.55584,-175.33632,3
702.45103,-246.66844,3
627.11703,-194.62767,3
632.90228,-218.51976,3
646.17454,-271.48536,3
645.87867,-231.32044,3
632.36523,-164.04888,3
610.31301,-179.68677,3
640.47278,-209.19674,3
673.37043,-187.31943,3
667.57939,-165.18854,3
641.30757,-209.31046,3
619.46222,-212.41119,3
741.24355,-147.01032,3
612.97652,-220.72268,3
668.6868,-161.32569,3
671.40342,-182.08356,3
651.86336,-161.28638,3
658.87784,-234.38635,3
650.0651,-190.0309,3
662.85742,-71.60915,3
669.25145,-167.24796,3
686.49089,-140.03361,3
672.03344,-132.97798,3
721.70456,-181.77658,3
674.77875,-172.30504,3
677.78057,-168.7352,3
649.12344,-146.6857,3
691.43205,-106.93526,3
625.28296,-129.49431,3
641.84783,-165.54856,3
657.08928,-133.6967,3
736.84964,-108.10001,3
623.15177,-134.67648,3
695.53771,-51.72239,3
617.7164,-167.41385,3
721.8083,-95.96624,3
639.99776,-88.25253,3
587.32504,-100.82514,3
676.56678,-69.83164,3
636.63366,-91.62089,3
639.58991,-83.16026,3
640.77807,-99.69364,3
638.03352,-64.54403,3
693.91474,-87.74298,3
669.54525,-120.78716,3
659.62841,-75.4595,3
747.44678,-103.9353,3
712.93625,-37.2925,3
677.60165,-11.06075,3
680.50101,-48.76491,3
667.88318,-20.35222,3
702.49349,-72.44858,3
630.12827,-56.3861,3
645.79445,-48.82036,3
706.99233,-57.25122,3
668.64172,-38.40872,3
695.42022,-104.17308,3
651.79082,-27.04473,3
706.00237,-44.75707,3
413.69355,-8.26708,2
450.89965,-59.40698,2
451.18081,-26.11154,2
451.69975,-83.60193,2
496.66527,23.95163,2
489.1904,-45.28548,2
463.47172,-8.21158,2
487.33231,15.17237,2
447.17556,0.71913,2
482.73178,45.06993,2
489.94145,28.20171,2
471.09425,49.97718,2
480.62585,-15.03733,2
510.1679,34.8627,2
454.48966,2.66937,2
476.37277,34.0764,2
473.06916,32.64484,2
517.80438,58.57449,2
472.16037,57.7879,2
435.08163,44.60443,2
519.93301,29.2408,2
439.80169,19.33248,2
432.09907,18.46253,2
453.21063,2.94578,2
464.31272,75.28555,2
436.11029,96.8971,2
478.14606,85.33414,2
442.54713,83.14729,2
428.96459,87.31031,2
466.29881,80.28819,2
425.27742,39.92264,2
477.84437,41.40455,2
473.18664,31.91717,2
484.07929,39.02786,2
474.52738,97.84055,2
436.36028,99.59618,2
464.36252,69.02946,2
425.55923,29.37073,2
465.5528,44.35553,2
457.15191,86.4415,2
473.87503,88.324,2
442.80739,122.37687,2
461.91358,112.93567,2
465.09186,60.4088,2
472.8505,127.86962,2
418.7604,105.18722,2
447.17681,111.48318,2
457.44807,161.46179,2
478.94267,82.15106,2
464.19036,164.3765,2
456.15233,160.22267,2
503.91727,161.18309,2
450.0108,164.79667,2
445.8419,137.12686,2
429.89796,186.27136,2
414.81407,188.29249,2
453.27087,103.28797,2
448.19395,85.20514,2
454.8008,177.69463,2
417.11756,157.76871,2
492.3473,141.8072,2
400.77138,204.33945,2
490.21399,162.90287,2
460.45981,205.93111,2
406.60279,154.01477,2
464.54682,222.00365,2
443.23222,147.93011,2
484.66482,161.25866,2
413.68808,190.313,2
469.03834,208.50893,2
433.51294,199.62668,2
421.00807,205.30207,2
342.43372,182.48089,2
424.16037,159.66119,2
427.09296,190.86111,2
466.7325,246.98052,2
398.64149,198.05041,2
408.92719,191.80218,2
415.5089,185.37064,2
374.23488,229.55817,2
425.51711,189.49559,2
431.95254,197.41634,2
411.13031,243.70287,2
400.95333,235.45383,2
384.87812,218.62671,2
392.58755,204.82242,2
391.83549,183.45012,2
380.76263,224.04105,2
386.15358,228.01067,2
390.31104,252.29664,2
416.7078,221.06767,2
352.66799,211.93584,2
372.42313,235.2653,2
362.19807,209.55431,2
369.85666,256.48449,2
399.61718,236.91178,2
367.58612,228.41511,2
377.22645,233.33349,2
393.54092,207.76925,2
363.71961,272.92585,2
378.16898,347.21942,2
381.27749,238.83085,2
366.03329,218.17738,2
364.57721,248.97347,2
392.53921,259.96732,2
359.64124,259.86307,2
413.36095,271.75661,2
414.20786,308.27023,2
371.71353,297.34708,2
367.07054,230.88182,2
344.88,316.48107,2
349.75434,251.37229,2
347.60882,347.04003,2
384.53244,296.43276,2
373.59901,289.66072,2
291.85443,275.27195,2
387.75755,297.123,2
331.45504,298.67126,2
393.75177,358.75546,2
401.04772,307.5022,2
341.1953,269.05763,2
374.46255,281.79327,2
334.47151,286.16363,2
308.10183,296.20711,2
305.31713,307.37971,2
304.87692,350.76786,2
285.93683,334.58448,2
353.36543,314.75862,2
293.01934,325.41083,2
347.66531,340.30754,2
294.04026,351.14397,2
274.59764,359.19734,2
317.60101,331.63663,2
277.84836,316.37015,2
316.70045,381.92495,2
279.17365,360.87729,2
233.30605,331.64243,2
292.59621,323.93075,2
263.03114,333.21312,2
297.47778,349.63675,2
219.13814,293.63053,2
265.63973,372.96175,2
198.96874,346.2035,2
263.14237,404.79435,2
264.90287,376.56718,2
278.20286,303.0782,2
294.51099,375.35911,2
284.20055,488.57062,2
203.90502,424.39484,2
255.2692,383.12836,2
259.97987,363.61999,2
241.69136,388.05489,2
210.70085,402.49343,2
241.14864,347.86422,2
237.5413,421.25476,2
232.37776,396.05156,2
223.89425,409.77687,2
263.76241,444.22229,2
235.29371,410.53194,2
240.85542,431.04012,2
213.69062,416.18913,2
226.7464,393.5716,2
232.66125,404.70593,2
223.7329,405.20472,2
271.86425,429.9345,2
247.88624,388.29552,2
192.41533,432.19437,2
242.64507,449.272,2
195.50564,399.74477,2
161.69231,396.37921,2
238.01622,395.66329,2
224.56636,405.43052,2
212.29725,378.18491,2
202.34621,324.33415,2
191.38837,366.58906,2
230.37144,440.24293,2
205.37924,463.95071,2
160.09039,472.12352,2
213.69377,413.97032,2
216.95825,389.22472,2
155.30744,405.48452,2
161.31846,393.35626,2
211.01703,418.58016,2
182.02837,410.51005,2
113.95585,436.97903,2
108.31918,428.0569,2
121.74254,490.95465,2
187.23043,435.71122,2
194.8908,408.3331,2
170.36666,440.88256,2
159.05829,474.20616,2
170.1807,445.82618,2
95.62054,409.47355,2
138.64019,442.1681,2
105.46285,512.79068,2
181.90159,459.55882,2
135.60512,436.16527,2
101.91425,445.87357,2
135.22584,407.29526,2
134.53379,440.87049,2
64.28341,420.67812,2
106.11262,504.0629,2
132.21468,408.29158,2
127.09072,402.84177,2
141.97628,436.0131,2
103.66688,490.78774,2
64.83609,409.94829,2
82.91277,483.84218,2
51.80498,368.53608,2
80.81018,470.8438,2
127.30747,441.16846,2
75.9067,490.43289,2
29.10246,444.89363,2
87.8481,470.74,2
63.77742,458.99161,2
1.35373,438.88661,2
86.53657,429.82163,2
71.62452,473.3337,2
56.49826,465.65917,2
34.80868,454.94529,2
78.90937,466.43179,2
39.91559,469.00866,2
75.85502,401.32406,2
86.0908,453.25533,2
60.98193,499.76158,2
3.96258,443.04264,2
33.34893,441.27545,2
90.94324,439.52755,2
19.11578,471.78549,2
-3.39787,454.18693,2
39.07218,456.45549,2
23.62659,450.92569,2
-22.12853,476.79819,2
72.82885,468.02756,2
23.81208,488.56266,2
-24.15432,519.14224,2
16.86517,517.28867,2
-14.32759,523.12131,2
27.78468,485.39746,2
8.41599,461.55751,2
34.27522,473.41157,2
-63.88993,435.85288,2
-13.59131,478.81644,2
-12.85256,506.21386,2
-72.82768,474.06092,2
-71.97433,492.63346,2
-23.40954,482.49948,2
-49.63347,508.34447,2
4.39331,487.49646,2
-33.88552,487.39572,2
-54.34835,495.6568,2
13.20141,502.07884,2
-61.31229,480.7537,2
-81.35929,487.0138,2
-32.18728,413.65879,2
-83.69861,461.15057,2
-61.00985,433.23216,2
-43.4528,476.91269,2
-64.08734,446.52703,2
-29.93405,518.67558,2
-79.03686,450.44125,2
-52.92717,457.83857,2
-74.97722,490.52256,2
-131.20628,507.61587,2
-74.87374,455.43619,2
-82.85788,466.34839,2
-135.24162,511.99854,2
-85.18842,480.09572,2
-61.00209,435.80643,2
-78.46246,458.02812,2
-70.37906,401.83699,2
-101.86797,447.14609,2
-89.0375,478.88938,2
-126.34157,442.96066,2
-111.53719,436.9449,2
-86.05907,452.26676,2
-201.62637,451.57764,2
-148.66784,413.34389,2
-157.72568,465.00486,2
-83.83143,470.53916,2
-144.96984,474.22238,2
-143.6277,439.08952,2
-167.56218,406.73559,2
-147.70127,463.37567,2
-141.97033,445.47937,2
-170.50776,475.51082,2
-184.70867,479.83009,2
-178.31601,433.24281,2
-195.30317,440.02123,2
-125.08557,469.76042,2
-128.0327,469.16502,2
-193.53085,442.76714,2
-186.85697,491.77909,2
-202.37963,477.82477,2
-142.70694,505.03545,2
-184.80023,470.63056,2
-107.06853,429.82678,2
-224.572,391.03197,2
-160.13627,389.99516,2
-195.67807,458.64765,2
-181.93799,457.31142,2
-183.80311,481.91513,2
-222.01351,422.22168,2
-219.58956,466.40102,2
-172.357,453.97714,2
-166.81665,404.0257,2
-155.25044,483.9721,2
-186.13728,490.61844,2
-260.83638,420.30211,2
-236.12138,456.53262,2
-248.48383,456.44743,2
-178.77346,453.39469,2
-214.27947,401.70017,2
-251.09236,467.60449,2
-205.19348,427.70673,2
-243.9905,366.84635,2
-266.45011,483.68837,2
-275.60146,430.73738,2
-209.81955,386.09453,2
-237.34833,450.55099,2
-245.35304,507.11907,2
-298.61586,451.46448,2
-256.56317,441.47812,2
-240.95239,394.92603,2
-250.12536,359.76622,2
-241.69251,423.01298,2
-243.41573,444.35921,2
-254.32337,415.5883,2
-294.55115,388.29153,2
-235.2748,451.2434,2
-280.76838,408.01131,2
-303.5021,440.27458,2
-259.13005,461.77187,2
-308.16129,390.62147,2
-277.57733,419.7657,2
-293.6898,372.5745,2
-263.46645,418.77278,2
-320.07554,436.16052,2
-260.14963,397.86786,2
-295.52546,408.7857,2
-326.41172,391.37324,2
-367.76868,415.05769,2
-352.66773,432.14181,2
-318.34141,378.94794,2
-329.87371,374.89912,2
-271.07853,307.13204,2
-277.9071,390.11676,2
-354.997,345.91025,2
-271.05345,347.98188,2
-358.49314,408.62793,2
-316.27182,344.51618,2
-322.45374,340.01091,2
-298.44013,400.73835,2
-318.00496,377.84503,2
-283.61788,365.0681,2
-374.38603,376.62843,2
-278.81248,330.75262,2
-354.68956,371.72453,2
-347.90223,327.78242,2
-315.05626,424.85784,2
-345.24238,326.12445,2
-399.9968,358.96053,2
-322.80054,363.43599,2
-358.36499,329.44754,2
-393.42084,370.09807,2
-335.59279,296.59868,2
-317.64762,358.09302,2
-325.67856,298.49273,2
-410.95141,332.15859,2
-357.19002,388.37514,2
-353.37454,325.04613,2
-407.61773,367.05453,2
-408.02387,376.8223,2
-389.85652,373.4853,2
-363.18545,319.44353,2
-401.34973,311.09775,2
-375.11874,321.3974,2
-407.96885,311.85771,2
-389.96925,250.69488,2
-380.73927,282.88192,2
-431.22765,259.35636,2
-452.57333,267.00298,2
-422.14152,363.94056,2
-418.74696,308.33844,2
-393.04109,304.58789,2
-409.44899,262.43406,2
-365.65313,350.13276,2
-461.70102,262.80712,2
-421.64081,262.19019,2
-400.07765,266.86383,2
-352.29985,322.00154,2
-412.85393,314.65527,2
-388.01839,264.47547,2
-447.63073,281.2741,2
-399.22842,280.62534,2
-474.30509,249.88042,2
-431.11641,269.1948,2
-371.60723,227.37285,2
-417.48627,311.1018,2
-366.365,251.7607,2
-421.6042,278.43805,2
-432.30517,255.821,2
-426.89679,180.24868,2
-421.30421,257.41981,2
-450.21453,312.44755,2
-465.54597,236.34553,2
-387.29262,220.8611,2
-465.26748,238.78641,2
-425.25026,246.7947,2
-490.94272,221.94834,2
-472.0596,232.93896,2
-442.72193,245.13349,2
-510.41907,261.8269,2
-451.18626,268.75573,2
-447.04506,257.5604,2
-447.96535,262.19837,2
-447.86783,216.1551,2
-396.91884,243.03478,2
-449.41889,175.33593,2
-506.80257,219.6583,2
-465.29252,189.69542,2
-466.91613,253.01077,2
-451.75358,168.34528,2
-477.41349,175.64094,2
-487.13426,184.58678,2
-491.25008,156.53755,2
-482.15016,174.56089,2
-567.58609,250.14704,2
-448.40389,174.439,2
-481.84895,147.74002,2
-432.87053,236.96153,2
-480.35217,207.89371,2
-481.08719,134.22277,2
-499.97529,175.41106,2
-502.51374,162.01435,2
-492.85791,163.26048,2
-489.76862,130.97384,2
-514.04909,121.35202,2
-464.38811,93.81019,2
-460.28053,195.65276,2
-505.10097,73.04357,2
-508.00379,146.28041,2
-528.59289,129.81061,2
-453.46107,162.26928,2
-528.17731,91.44099,2
-511.30579,130.00607,2
-487.64556,117.38451,2
-488.20417,188.52643,2
-480.08304,126.0506,2
-511.02277,113.8083,2
-471.07044,102.69823,2
-506.07559,120.05673,2
-523.40955,74.34412,2
-499.57166,110.67951,2
-495.13963,93.48754,2
-474.3892,80.17275,2
-460.50063,51.0219,2
-499.64772,114.68367,2
-537.36746,110.11718,2
-475.90602,27.84038,2
-499.98095,16.50149,2
-544.78581,137.12449,2
-534.00272,49.97831,2
-523.20157,144.17257,2
-572.90885,47.53232,2
-473.71111,131.73463,2
-522.39339,35.75972,2
-457.05222,117.68826,2
-500.17685,42.40266,2
-522.61451,58.87985,2
-511.79706,104.13292,2
-495.89966,25.19025,2
-481.5274,63.81069,2
-502.731,95.31481,2
-557.19158,47.14247,2
-540.26951,-1.92299,2
-514.38676,117.35209,2
-580.43305,37.92673,2
-506.43753,39.47453,2
-529.45119,-6.30987,2
-519.4577,6.84566,2
-592.50331,62.26596,2
-498.39882,24.85541,2
-520.60327,52.4104,2
-521.05079,44.17468,2
-536.99127,53.28511,2
-518.70939,16.61686,2
-566.68128,16.27208,2
-553.7649,-14.61847,2
-553.47463,-30.59179,2
-465.45763,38.19944,2
-471.75745,-41.56469,2
-527.37885,-46.82117,2
-550.51558,-38.69872,2
-492.56576,-26.18151,2
-497.79071,0.68867,2
-460.80201,-64.95911,2
-492.18352,10.67625,2
-559.1915,3.35557,2
-519.91565,-36.82429,2
-554.7082,-54.71486,2
-468.46616,-36.26254,2
-506.44728,-63.1512,2
-553.23768,-10.1055,2
-570.24057,-58.16179,2
-528.62391,-45.50391,2
-534.88927,-40.10947,2
-508.58281,-33.08303,2
-558.77489,-66.78392,2
-493.17048,-34.55584,2
-569.99204,-53.98562,2
-587.92621,-66.25536,2
-471.39995,-99.23209,2
-553.0965,-51.0047,2
-574.06503,-96.03681,2
-509.58227,-99.20943,2
-534.22949,-60.98001,2
-514.15927,-78.42364,2
-536.61497,-78.44675,2
-529.76933,-78.93245,2
-540.56178,-101.25925,2
-554.92945,-99.94537,2
-549.11809,-135.42678,2
-516.56604,-98.7306,2
-500.35796,-121.151,2
-511.10139,-94.79466,2
-509.47908,-139.18633,2
-517.80126,-106.58732,2
-521.50725,-183.19721,2
-516.32894,-57.31473,2
-531.34644,-148.61705,2
-508.72707,-120.48364,2
-483.5084,-170.66735,2
-496.69265,-118.29089,2
-522.22278,-128.911,2
-486.37971,-115.96592,2
-550.83983,-120.58997,2
-517.75652,-146.06328,2
-512.86739,-155.80691,2
-478.54036,-156.85648,2
-547.08713,-169.19126,2
-507.32998,-123.54431,2
-493.769,-188.96705,2
-436.45814,-158.53271,2
-471.88512,-174.04699,2
-493.26012,-147.32558,2
-471.81018,-143.79703,2
-481.26636,-187.97339,2
-523.64205,-171.53941,2
-477.53442,-191.19012,2
-472.59291,-143.91476,2
-531.03878,-215.57943,2
-506.74279,-184.21563,2
-517.23228,-155.84369,2
-487.71838,-198.18555,2
-542.44421,-241.79594,2
-489.84467,-269.24503,2
-466.78535,-212.95055,2
-398.74277,-141.9002,2
-500.33172,-217.25239,2
-463.85513,-165.88442,2
-541.67948,-273.48081,2
-509.99741,-205.30987,2
-475.20972,-193.59369,2
-524.86824,-298.05826,2
-461.88016,-256.29911,2
-546.90043,-229.97262,2
-461.25771,-240.8495,2
-497.47766,-244.82373,2
-493.53101,-283.33106,2
-502.5074,-230.08963,2
-470.05227,-243.51609,2
-508.17497,-256.82421,2
-542.23266,-248.83731,2
-432.63753,-301.21921,2
-491.64605,-249.91673,2
-435.03038,-276.02228,2
-491.91312,-324.41966,2
-466.55501,-206.85682,2
-459.83259,-271.54521,2
-456.96876,-273.95782,2
-489.48231,-251.66527,2
-456.7625,-278.56416,2
-491.22269,-242.70636,2
-440.42993,-301.10833,2
-428.70858,-302.14689,2
-480.59882,-312.69976,2
-508.6293,-278.44104,2
-508.77331,-332.10891,2
-514.4316,-300.49549,2
-454.9819,-310.36151,2
-480.04135,-338.36419,2
-433.10812,-322.33949,2
-435.8072,-334.99527,2
-438.1084,-271.94335,2
-424.18132,-326.00689,2
-432.26009,-323.43602,2
-437.93322,-328.55468,2
-441.27714,-314.98244,2
-464.30926,-354.36899,2
-474.31022,-374.43654,2
-467.30197,-324.16862,2
-455.68085,-316.05634,2
-425.95379,-393.02028,2
-405.42824,-312.12957,2
-452.9601,-326.32406,2
-446.89035,-338.46378,2
-457.1661,-397.63887,2
-428.73605,-349.99695,2
-427.18701,-384.23291,2
-425.24348,-343.04748,2
-412.56805,-348.05295,2
-429.28441,-320.76533,2
-442.41089,-343.66607,2
-369.5988,-346.22869,2
-409.0463,-378.85485,2
-369.78826,-408.03204,2
-427.86029,-379.59314,2
-359.49806,-358.58366,2
-423.52569,-381.58278,2
-410.75626,-395.85057,2
-360.78783,-417.97895,2
-339.70482,-354.23582,2
-353.04199,-395.21317,2
-388.05161,-426.54795,2
-397.06486,-370.95819,2
-340.20082,-421.18295,2
-387.79183,-394.69349,2
-416.43058,-374.58609,2
-393.99326,-400.34602,2
-383.53517,-420.30783,2
-367.87775,-405.22485,2
-376.49852,-422.72474,2
-353.42019,-353.36205,2
-356.45932,-375.17199,2
-399.99954,-402.39285,2
-388.83791,-453.48871,2
-375.70912,-375.46428,2
-322.62585,-405.95636,2
-394.69301,-421.14504,2
-337.23408,-411.98544,2
-399.15949,-445.94069,2
-343.31622,-405.10668,2
-404.81364,-428.00794,2
-332.16206,-399.58915,2
-313.17942,-409.51806,2
-355.46299,-486.13728,2
-340.74407,-400.73454,2
-284.62477,-411.33747,2
-311.0124,-423.11931,2
-338.0288,-440.24889,2
-268.71427,-466.44637,2
-267.7727,-449.6369,2
-273.87151,-483.97075,2
-293.46456,-465.64339,2
-350.89582,-438.74193,2
-275.53878,-472.38746,2
-348.16765,-451.51936,2
-303.18369,-434.0227,2
-269.42556,-453.94642,2
-239.59049,-447.11193,2
-302.98011,-503.84426,2
-297.78846,-467.23032,2
-258.41062,-444.88882,2
-319.90178,-455.20338,2
-261.66567,-416.12077,2
-252.46743,-440.70995,2
-274.56109,-453.44252,2
-236.13992,-506.61455,2
-281.36002,-491.3304,2
-256.74451,-432.75149,2
-283.26119,-542.85474,2
-274.94216,-445.21144,2
-243.66103,-461.22264,2
-265.39505,-513.87418,2
-238.73278,-501.94917,2
-185.85621,-461.2053,2
-265.97733,-498.04418,2
-248.51635,-488.25204,2
-209.38463,-476.82104,2
-261.99182,-427.02899,2
-235.70854,-461.9878,2
-252.57133,-475.45232,2
-222.11992,-544.31007,2
-168.11569,-450.15798,2
-237.60269,-523.18402,2
-212.36515,-488.73544,2
-209.21948,-486.79128,2
-201.79237,-450.30341,2
-197.01918,-526.37791,2
-170.2608,-446.81712,2
-113.64424,-530.86929,2
-197.9807,-560.7379,2
-185.72699,-515.81294,2
-141.66559,-523.67883,2
-247.08526,-515.63318,2
-252.70865,-479.99855,2
-252.4243,-502.69543,2
-249.82761,-514.15701,2
-135.20715,-494.70882,2
-207.42244,-507.42578,2
-177.98028,-493.25336,2
-216.52383,-490.57901,2
-253.64138,-528.15743,2
-184.14377,-491.14704,2
-165.79704,-553.18073,2
-193.00079,-505.90144,2
-162.79277,-530.06454,2
-171.81038,-492.6157,2
-169.87572,-516.93432,2
-86.20152,-557.77378,2
-203.80478,-492.30818,2
-165.55401,-526.09638,2
-165.57007,-525.05744,2
-91.11548,-493.89453,2
-110.13685,-561.12087,2
-167.46592,-604.46281,2
-154.13641,-491.22643,2
-111.26634,-527.19066,2
-124.35967,-541.81019,2
-114.46012,-498.74625,2
-165.98813,-513.29274,2
-86.44368,-535.27531,2
-90.29756,-438.90334,2
-111.34752,-512.04496,2
-127.25451,-518.88834,2
-88.19724,-518.94279,2
-129.486,-519.03986,2
-51.9163,-512.19474,2
-63.807,-533.16771,2
-67.05157,-518.06327,2
-114.95551,-517.25003,2
-113.05648,-546.1368,2
-74.50101,-518.55818,2
-112.73113,-496.16141,2
-56.76541,-549.20866,2
-116.92285,-532.6801,2
-81.04171,-525.18524,2
-75.42351,-589.02996,2
-73.04567,-538.18194,2
-39.24944,-550.14677,2
-4.76192,-586.71769,2
-12.64903,-536.24604,2
-23.05755,-527.25069,2
-11.51871,-541.37414,2
-75.52366,-487.22697,2
-42.82864,-523.26442,2
0.75954,-560.91918,2
-15.27685,-547.68697,2
-33.96508,-527.83163,2
-71.86508,-553.35524,2
16.81521,-503.37479,2
-22.45497,-522.61747,2
-26.26223,-489.14459,2
-20.3052,-522.79802,2
23.226,-552.96588,2
38.74773,-575.43031,2
44.01142,-540.54875,2
-9.0217,-585.90108,2
-12.24858,-560.20756,2
-13.69938,-532.92558,2
36.39715,-522.35135,2
20.02561,-561.19855,2
-12.49702,-474.10505,2
-5.00187,-478.09473,2
12.88902,-527.40687,2
55.41653,-488.99362,2
23.10382,-538.45295,2
27.87097,-516.30258,2
59.40573,-525.93045,2
54.34877,-476.50302,2
50.33443,-515.88113,2
-3.56193,-603.70996,2
56.76407,-527.1706,2
32.77375,-516.53826,2
49.50647,-489.50956,2
57.00005,-545.23,2
87.21652,-528.7961,2
76.39898,-536.04492,2
44.19585,-518.61858,2
67.15959,-506.15045,2
61.79562,-575.01832,2
59.94809,-495.4759,2
67.08227,-526.02556,2
108.66292,-539.31758,2
35.85128,-522.08237,2
70.66949,-545.53665,2
82.98814,-501.0707,2
91.02096,-505.85387,2
148.74717,-524.57795,2
105.73582,-528.77714,2
75.02996,-530.23805,2
89.08824,-501.07757,2
176.94824,-532.49514,2
96.99679,-512.04053,2
124.3836,-501.35437,2
154.04096,-581.14779,2
46.91289,-522.30862,2
154.43664,-553.45911,2
34.27953,-488.39288,2
134.80298,-537.25432,2
100.90562,-532.64146,2
136.76007,-521.321,2
151.23169,-587.13407,2
113.6634,-534.222,2
134.63124,-515.50836,2
169.20247,-554.05505,2
149.57068,-480.41438,2
206.83711,-510.48854,2
163.79603,-549.00413,2
85.22092,-468.37935,2
159.72274,-457.18322,2
121.58991,-475.73931,2
221.75137,-477.52476,2
176.87139,-488.62063,2
124.32677,-446.9534,2
155.99881,-471.2113,2
130.29676,-520.43678,2
223.09549,-494.16128,2
226.48791,-484.76045,2
130.47109,-454.30495,2
170.86111,-458.74196,2
192.13544,-524.61407,2
199.12045,-411.03402,2
211.78484,-477.22879,2
232.05023,-467.74817,2
208.86157,-505.36441,2
212.36741,-440.08231,2
183.03724,-426.92328,2
208.12566,-494.78643,2
243.55403,-475.23505,2
239.14912,-473.84464,2
217.29777,-448.72854,2
230.53851,-521.82766,2
190.8834,-432.48871,2
223.25567,-474.47527,2
189.15145,-489.53081,2
171.93336,-458.53566,2
217.30246,-482.8366,2
235.86969,-441.24484,2
303.35656,-495.82879,2
277.9786,-419.57097,2
222.45015,-440.94214,2
234.70881,-439.72729,2
296.31562,-425.3721,2
268.89273,-454.67558,2
211.69436,-446.2301,2
294.9846,-483.98466,2
229.69256,-432.55905,2
234.35298,-458.2842,2
253.72045,-473.62246,2
239.72884,-409.68065,2
232.24368,-476.83338,2
255.0644,-405.03653,2
270.54587,-439.01494,2
280.26057,-475.51544,2
296.23506,-409.69235,2
271.56643,-389.05342,2
252.4602,-383.41426,2
293.3468,-425.3532,2
290.53012,-416.46445,2
330.13647,-443.52163,2
273.04129,-378.09187,2
280.42683,-380.1097,2
351.63901,-417.10939,2
323.4468,-437.58134,2
327.98479,-394.88817,2
321.85755,-418.12372,2
260.14419,-381.53011,2
250.37146,-404.00483,2
342.79236,-386.56963,2
375.27693,-359.40124,2
299.46576,-387.14884,2
319.90386,-433.23314,2
295.34142,-400.37622,2
264.68122,-379.90018,2
320.49609,-429.26953,2
342.2809,-355.35047,2
339.1376,-384.27895,2
352.22758,-351.86694,2
345.84978,-394.71506,2
347.05458,-331.80198,2
322.97201,-302.40461,2
327.20164,-362.03372,2
324.88097,-353.95781,2
294.85904,-374.67413,2
316.41732,-351.85671,2
381.05468,-334.1478,2
282.09672,-289.86424,2
364.11502,-372.00697,2
361.96537,-340.99939,2
339.22569,-337.90818,2
342.97124,-353.52475,2
342.55584,-381.90995,2
369.4526,-318.89454,2
382.44171,-309.36739,2
378.62743,-347.44654,2
395.97341,-369.67802,2
345.6338,-355.35441,2
406.91018,-295.60897,2
390.96624,-289.18734,2
351.79114,-308.3285,2
376.22082,-290.8096,2
378.30957,-325.18276,2
399.76754,-284.75661,2
365.24759,-310.27008,2
355.286,-380.76477,2
394.77781,-284.93001,2
398.3343,-359.04748,2
381.63848,-364.46383,2
434.93,-327.83723,2
433.15935,-264.21123,2
370.12101,-323.89222,2
409.27443,-312.54949,2
403.44555,-299.00554,2
348.52696,-348.72564,2
410.33588,-295.93929,2
388.49918,-255.48776,2
441.8345,-281.8014,2
397.93538,-255.87255,2
368.95009,-261.42451,2
427.70219,-244.94506,2
354.51307,-285.4162,2
387.72033,-256.79332,2
429.9256,-212.09394,2
402.07175,-269.11878,2
452.81068,-242.48181,2
457.73217,-239.89604,2
386.35348,-285.72187,2
375.86816,-223.02809,2
459.40012,-184.562,2
450.34615,-202.30263,2
408.9453,-269.01701,2
453.12297,-218.9228,2
432.10064,-216.9528,2
439.81149,-187.17233,2
470.18594,-206.46539,2
457.91269,-204.46767,2
419.88748,-194.28266,2
393.05339,-182.44553,2
400.19987,-202.56358,2
411.80985,-191.60427,2
437.25719,-253.10984,2
451.98792,-219.65908,2
466.87479,-199.32919,2
453.3579,-225.13684,2
424.85157,-207.20317,2
469.25023,-140.15049,2
420.39292,-155.18782,2
380.43794,-220.33418,2
417.72632,-222.0929,2
399.92462,-166.13082,2
441.93399,-164.13592,2
469.97508,-164.54112,2
469.87974,-171.58152,2
415.40403,-134.74154,2
434.18848,-191.51888,2
447.35328,-187.80508,2
440.97783,-147.06375,2
464.74183,-181.27985,2
440.43214,-119.06963,2
470.70787,-85.99755,2
491.9531,-110.86592,2
415.62738,-119.21957,2
456.36518,-155.60107,2
463.67452,-107.64721,2
474.3154,-159.28552,2
482.20129,-148.98262,2
467.04575,-135.87524,2
454.57764,-100.70337,2
430.51679,-62.24703,2
407.64959,-135.44156,2
473.92865,-96.8873,2
460.3287,-113.0403,2
476.16067,-115.14932,2
506.12131,-79.93232,2
490.97279,-130.99009,2
462.84906,-107.90912,2
435.48577,-84.97725,2
449.92798,-73.0045,2
434.33556,-37.97736,2
439.91568,-79.84912,2
490.90617,-100.42479,2
493.04957,-117.05637,2
511.34451,-76.62968,2
450.17446,-82.90105,2
492.60054,-88.32896,2
446.09872,-74.3095,2
433.49739,-9.9137,2
452.02153,-36.44676,2
475.48488,-87.79529,2
469.18984,-31.60208,2
463.86863,-16.19067,2
500.2902,-21.27765,2
455.96358,-78.10065,2
451.43447,-36.67782,2
486.28478,-104.57136,2
469.71713,-31.54034,2
461.6638,5.59664,2
482.6534,9.30576,2
263.5091,0.81708,1
319.00365,14.7361,1
237.12699,-29.53288,1
259.45172,-4.5535,1
290.28853,-41.70733,1
271.60019,-74.44887,1
312.66637,-26.53407,1
270.9028,-17.76565,1
303.40246,-90.9164,1
268.29398,-6.28277,1
254.92978,51.35942,1
241.64153,25.40496,1
278.6475,42.77251,1
247.61874,-14.3891,1
300.16703,23.02962,1
220.56337,-3.24241,1
278.10562,40.73298,1
245.71598,-69.168,1
281.34449,-15.69419,1
204.65871,-61.40271,1
289.1056,30.07292,1
257.40004,70.52792,1
282.74933,79.98425,1
221.28372,33.09183,1
213.97697,29.87481,1
254.40892,58.17724,1
262.59982,60.69802,1
281.67815,109.25483,1
250.43468,18.98144,1
266.57137,25.74265,1
302.91966,43.90702,1
240.74228,40.84995,1
278.48765,52.83603,1
236.88756,110.10096,1
229.63186,63.77208,1
274.04254,16.32228,1
268.01465,36.15865,1
277.40095,41.47403,1
272.58838,106.06214,1
276.71356,82.95195,1
242.97395,60.63667,1
293.06399,59.45251,1
216.81846,102.89765,1
223.02144,56.92479,1
202.5502,73.42021,1
242.30745,97.67158,1
272.23651,108.64738,1
236.85753,89.34629,1
256.75284,135.91089,1
244.08009,86.0912,1
209.32545,59.22981,1
257.8986,122.33549,1
254.00892,103.53564,1
277.65207,95.26009,1
262.83674,110.99831,1
214.64148,132.30201,1
243.87325,127.58914,1
232.69361,118.08519,1
300.55654,157.07969,1
249.21944,127.22376,1
256.35787,141.71502,1
225.51717,119.36106,1
220.87086,35.63527,1
228.16335,118.36085,1
268.15208,135.84942,1
183.20956,136.01334,1
185.98126,153.93911,1
224.55981,170.68555,1
190.55163,145.17023,1
171.75444,167.38042,1
226.67869,163.38111,1
209.54916,163.10715,1
255.9995,144.25358,1
210.37826,122.35033,1
178.50162,159.98134,1
235.9791,151.45626,1
194.07648,149.02064,1
183.38553,172.14344,1
152.76628,203.77401,1
175.95877,189.03872,1
156.04071,189.46671,1
212.50018,182.93139,1
160.69224,180.87937,1
153.1989,167.78123,1
217.72085,201.21985,1
185.42435,150.01256,1
202.44957,181.75929,1
111.56839,206.56084,1
178.52977,221.0424,1
144.46068,91.53734,1
183.73665,197.4375,1
122.67277,161.17011,1
254.06186,183.17352,1
191.33027,174.62087,1
104.67253,190.81369,1
157.37769,185.68766,1
159.85507,207.35628,1
156.72369,163.23379,1
173.73023,144.37994,1
95.53622,226.72486,1
170.14473,204.49704,1
110.94295,186.632,1
142.78156,161.62377,1
126.3361,230.68247,1
189.15474,200.12206,1
166.84464,156.85628,1
161.7339,191.71294,1
148.95726,209.93232,1
177.12216,192.64539,1
154.09728,211.98675,1
128.26597,216.32971,1
105.37785,222.87541,1
126.58855,231.96823,1
128.71033,250.08299,1
151.57504,196.01594,1
147.61517,193.31528,1
136.85766,248.84742,1
59.54045,234.37355,1
100.47122,210.12905,1
152.68617,214.56829,1
85.59233,237.71488,1
127.96312,232.43856,1
139.98725,253.83978,1
37.23963,223.22742,1
83.30986,254.67149,1
18.98928,317.91841,1
111.22294,247.05001,1
128.28747,314.00695,1
116.50122,273.25329,1
91.82821,241.61256,1
71.15283,222.12218,1
62.32616,207.41376,1
78.16122,198.39292,1
83.65675,248.82306,1
79.82051,235.20651,1
165.19296,292.60879,1
33.01728,259.7035,1
49.5717,223.17244,1
25.06017,267.43985,1
42.26369,284.35174,1
89.95387,297.355,1
31.99683,271.1961,1
73.96305,243.48423,1
29.2504,306.74646,1
56.63593,278.26789,1
22.54984,223.31505,1
27.52347,256.85431,1
10.0692,260.93756,1
-11.27632,228.26597,1
56.88362,280.59209,1
22.37204,232.53286,1
0.67314,252.43154,1
48.19275,292.0171,1
11.31844,230.0814,1
31.60238,240.47283,1
5.36785,305.40608,1
43.07315,270.83213,1
-22.55752,272.85604,1
44.81646,255.64249,1
50.8034,306.06729,1
57.51196,276.7917,1
22.54868,310.38553,1
15.6729,253.22439,1
-13.88366,275.69552,1
-41.82505,264.49452,1
27.10521,203.28401,1
37.5583,302.8981,1
-24.95578,285.70974,1
-13.75662,306.46475,1
12.93994,227.6958,1
-1.61327,263.63782,1
-19.43762,248.04608,1
27.82941,301.15351,1
-49.50038,229.9496,1
-41.57018,283.03508,1
-25.48658,307.5819,1
-11.68771,299.03873,1
-28.27174,228.21228,1
-46.63982,301.60935,1
-45.00514,284.79063,1
-55.7114,238.67068,1
-52.53748,278.67944,1
-71.19447,262.15554,1
-82.39269,302.59898,1
-65.72547,312.37495,1
-13.71019,266.1075,1
-92.50454,205.68447,1
-109.08804,226.74487,1
-26.24588,271.10915,1
-58.58184,200.6723,1
-108.87574,293.52389,1
-66.99683,262.09798,1
-61.31441,315.16683,1
-87.5467,267.72889,1
-77.78916,336.94217,1
-149.19508,285.18287,1
-92.30126,281.17288,1
-111.21642,262.16064,1
-72.78603,356.45309,1
-72.51519,237.03641,1
-112.09163,248.26497,1
-155.8651,251.3302,1
-82.62209,222.34798,1
-75.75764,274.52683,1
-131.83805,254.94297,1
-64.4539,280.46727,1
-114.72591,250.57907,1
-115.27017,241.58222,1
-183.28288,317.40291,1
-118.04535,267.26137,1
-126.99956,232.41985,1
-133.38962,205.62499,1
-62.04096,215.6821,1
-163.84614,238.59754,1
-96.77018,251.30573,1
-175.01333,287.54313,1
-118.50735,265.08599,1
-121.46455,319.7613,1
-79.87385,226.30408,1
-99.19096,257.35338,1
-135.40595,194.02077,1
-157.95201,219.31262,1
-130.4504,274.71612,1
-219.96838,240.78707,1
-126.50928,234.69029,1
-140.71406,249.64639,1
-154.74633,229.77107,1
-203.89285,203.04211,1
-148.50307,236.02778,1
-176.31597,221.46196,1
-183.68177,264.29936,1
-186.93728,191.35223,1
-156.91243,224.10896,1
-180.61011,277.13273,1
-184.4866,236.21015,1
-221.54288,219.55307,1
-170.18221,178.06981,1
-184.72269,226.32211,1
-191.77651,252.96009,1
-185.23594,264.71413,1
-227.31743,222.9562,1
-197.20289,185.28725,1
-173.26151,285.57159,1
-204.66017,229.42872,1
-203.80002,191.29756,1
-263.12977,189.93935,1
-252.42271,260.62365,1
-216.2597,197.49175,1
-188.25951,172.56637,1
-240.05286,206.59161,1
-188.28162,217.91164,1
-213.77744,203.4975,1
-211.28722,205.47782,1
-256.245,199.06638,1
-259.59228,198.35392,1
-243.82094,270.32212,1
-232.60216,150.21465,1
-237.41833,206.10586,1
-185.16321,171.00702,1
-284.79163,211.34357,1
-280.67472,171.8842,1
-248.90647,180.99294,1
-222.40701,160.66883,1
-253.18074,178.82864,1
-242.35052,180.25361,1
-235.61041,200.67932,1
-238.74607,187.00049,1
-299.80854,172.91216,1
-239.75544,191.26974,1
-276.69196,147.61044,1
-274.90703,181.43824,1
-228.4118,151.0705,1
-233.9151,164.93159,1
-266.58966,152.80316,1
-242.1511,166.81428,1
-197.94414,129.36738,1
-252.32628,136.93038,1
-295.5792,150.33795,1
-266.99198,236.05217,1
-278.22947,112.43021,1
-266.08776,81.91078,1
-278.59009,142.43112,1
-253.52688,168.94556,1
-293.98555,132.99132,1
-303.3556,101.42722,1
-272.54848,94.80757,1
-295.73718,100.89282,1
-268.24053,182.5109,1
-325.19079,70.58462,1
-291.28124,124.34072,1
-282.3456,108.16237,1
-296.27444,130.2473,1
-260.37124,58.2285,1
-303.96019,120.94037,1
-321.71794,164.09569,1
-314.50633,108.54486,1
-280.00735,89.65688,1
-353.30771,92.1365,1
-268.22821,92.47912,1
-325.68369,127.93529,1
-311.37136,82.42896,1
-298.10002,118.41467,1
-232.24592,117.65753,1
-269.9937,75.19984,1
-336.63437,89.77745,1
-303.69044,53.07131,1
-313.18928,94.91611,1
-298.12114,95.566,1
-301.18404,62.71899,1
-326.28748,39.44391,1
-258.26206,73.29066,1
-319.46305,42.4898,1
-225.5371,35.61204,1
-327.33879,77.73743,1
-297.31057,91.44306,1
-261.90931,75.32513,1
-348.61605,49.86008,1
-308.4746,117.0362,1
-360.395,88.48085,1
-313.79143,74.94597,1
-322.95342,21.93914,1
-298.04876,64.2399,1
-292.0712,41.59666,1
-339.86206,-7.38477,1
-297.89718,49.47296,1
-352.03927,17.97114,1
-337.63235,-12.99429,1
-348.7002,-5.15772,1
-337.06055,4.05347,1
-373.98902,84.24478,1
-288.07157,-2.45516,1
-317.92025,30.78364,1
-290.78156,-8.9581,1
-294.14829,-3.50041,1
-367.3608,31.99408,1
-288.91166,85.23724,1
-363.95167,25.89452,1
-340.55545,25.75184,1
-372.65356,-38.31047,1
-352.06853,-0.73929,1
-348.25407,13.98042,1
-298.42004,9.51117,1
-280.84439,1.31195,1
-366.07194,27.05025,1
-347.85261,10.772,1
-282.59463,-5.5305,1
-374.776,-49.46896,1
-290.26933,-29.68838,1
-327.60071,-4.54251,1
-309.11031,-21.63601,1
-336.24797,-42.07281,1
-304.2147,-18.77821,1
-337.61024,-5.61404,1
-333.67768,-66.31873,1
-352.46704,-72.82167,1
-337.73734,-9.13722,1
-353.56087,-43.18288,1
-348.92756,-59.33311,1
-374.32286,-60.82494,1
-334.60345,-40.68315,1
-321.84045,-95.52439,1
-295.73546,-55.94199,1
-322.00811,-65.2024,1
-343.16713,-61.0659,1
-313.01728,-122.67685,1
-343.07432,-80.58515,1
-318.82902,-39.80072,1
-349.24512,-93.19854,1
-341.02382,-104.96125,1
-335.59447,-60.443,1
-356.30124,-73.37996,1
-375.2268,-105.69733,1
-333.51427,-41.24946,1
-331.30986,-160.16565,1
-382.44504,-95.73539,1
-303.45427,-88.11516,1
-316.2058,-67.12801,1
-336.76268,-77.75965,1
-368.85403,-134.36056,1
-373.4001,-118.05641,1
-319.84867,-108.98051,1
-315.85307,-142.81602,1
-322.64236,-162.49184,1
-275.2407,-129.24918,1
-329.98354,-75.03689,1
-351.74075,-159.02994,1
-346.49344,-129.84802,1
-299.76851,-108.16329,1
-234.64545,-200.37012,1
-292.60839,-152.12636,1
-327.50543,-156.52242,1
-336.19604,-89.90162,1
-282.66152,-142.2407,1
-266.37507,-190.80256,1
-345.77949,-213.24654,1
-325.77133,-145.52787,1
-300.61157,-148.36018,1
-344.91541,-131.19752,1
-294.25929,-135.74216,1
-357.07353,-150.8204,1
-334.74439,-174.50567,1
-281.87957,-162.26333,1
-322.23422,-167.20723,1
-341.39009,-135.27562,1
-300.33718,-138.6041,1
-308.68795,-190.23338,1
-314.50977,-150.59474,1
-311.53819,-159.88412,1
-300.37895,-240.83089,1
-304.64406,-219.24303,1
-285.12607,-221.88741,1
-256.95177,-191.20027,1
-288.62626,-171.07127,1
-252.92811,-193.6181,1
-303.50799,-248.48818,1
-299.45995,-216.02611,1
-274.15317,-210.0913,1
-255.1934,-220.33986,1
-275.98932,-168.63036,1
-262.45034,-208.1367,1
-289.17089,-227.5039,1
-295.01899,-226.89417,1
-245.19935,-219.46305,1
-306.7121,-161.88904,1
-254.95049,-259.25524,1
-276.11656,-215.8181,1
-210.01621,-254.47057,1
-230.14701,-181.30971,1
-276.54364,-233.67124,1
-287.01072,-233.48545,1
-255.23837,-209.61201,1
-219.63634,-253.84821,1
-309.54485,-234.03027,1
-239.88446,-227.8816,1
-256.63866,-233.57623,1
-199.50552,-227.80473,1
-254.28299,-256.18379,1
-246.27343,-193.97974,1
-244.75578,-245.56269,1
-251.7882,-213.86896,1
-176.56901,-235.1722,1
-230.90974,-249.42161,1
-302.93453,-229.98731,1
-225.37651,-241.29041,1
-248.72548,-267.45515,1
-237.67658,-227.03532,1
-234.65709,-196.94842,1
-208.30132,-299.42445,1
-223.00108,-282.41134,1
-282.87841,-216.56532,1
-193.83985,-250.22268,1
-207.8443,-309.32986,1
-225.17247,-244.24717,1
-240.04356,-347.06564,1
-213.14876,-276.95782,1
-200.08308,-252.42253,1
-182.82219,-268.0683,1
-163.87095,-322.93398,1
-182.37229,-260.08231,1
-232.45596,-325.45809,1
-215.3934,-301.69157,1
-168.14545,-301.73454,1
-214.15845,-303.08004,1
-152.61621,-285.75185,1
-189.24731,-290.8348,1
-142.79018,-311.38053,1
-139.75674,-283.94037,1
-181.69254,-216.55715,1
-206.19529,-303.50258,1
-209.13354,-265.6048,1
-119.10797,-245.34635,1
-130.67696,-302.61663,1
-175.95336,-348.04561,1
-101.50976,-285.04209,1
-174.92383,-260.44895,1
-186.91672,-289.24945,1
-160.47104,-283.42339,1
-154.74765,-347.22516,1
-148.11153,-273.32297,1
-148.784,-282.60488,1
-176.79258,-307.69336,1
-161.67189,-285.52101,1
-139.49262,-288.23074,1
-105.29794,-289.16442,1
-127.21889,-340.81683,1
-132.97073,-327.79803,1
-140.67548,-323.95349,1
-157.20965,-372.32699,1
-145.30662,-308.67197,1
-163.15041,-314.84649,1
-63.13235,-285.44587,1
-68.26219,-305.20129,1
-79.96413,-339.42851,1
-131.73376,-400.63504,1
-74.22669,-272.97914,1
-123.80744,-327.51213,1
-127.22283,-309.09534,1
-68.24782,-373.51606,1
-87.09568,-330.16755,1
-93.35445,-308.70855,1
-99.77442,-326.17339,1
-97.9115,-294.5201,1
-76.29439,-317.55223,1
-124.34295,-336.04357,1
-56.60699,-324.04798,1
-61.12948,-272.65244,1
-47.1015,-323.29815,1
-90.92973,-403.12063,1
-77.98829,-336.69187,1
-58.55899,-331.90209,1
-77.21152,-381.01638,1
-93.12597,-313.66038,1
-10.77385,-331.18717,1
-49.73829,-299.96453,1
-81.21861,-317.78787,1
-76.4235,-303.0769,1
-46.98175,-320.27332,1
-72.31511,-308.19705,1
16.39243,-359.80239,1
-53.65222,-322.7497,1
-17.17667,-346.59305,1
-123.06831,-289.11555,1
-12.57011,-382.24009,1
-50.91982,-282.94244,1
13.43389,-301.8408,1
-32.59062,-327.49829,1
-28.54248,-296.10447,1
-48.19787,-354.06523,1
11.0771,-331.1375,1
24.81347,-349.84329,1
-15.4944,-357.23743,1
-10.94196,-373.76443,1
-23.10516,-372.31449,1
15.02649,-307.52395,1
-55.01609,-288.77572,1
74.49508,-327.15868,1
-16.98235,-243.53149,1
-34.64212,-327.35672,1
12.98864,-287.27998,1
21.06215,-342.24395,1
-15.59879,-337.16615,1
-14.60777,-325.07938,1
1.3338,-370.91403,1
58.5698,-340.57797,1
-14.47704,-330.22665,1
28.26554,-377.08018,1
38.80662,-355.58446,1
82.82611,-307.91077,1
22.13135,-345.42082,1
33.60725,-304.09465,1
38.61401,-328.38216,1
43.74691,-339.34867,1
34.31079,-383.14872,1
76.42391,-310.92965,1
26.60738,-262.22681,1
55.01405,-349.54514,1
80.69154,-305.76813,1
69.40584,-329.7078,1
73.65527,-323.99032,1
79.38334,-372.46529,1
52.24612,-262.8087,1
44.79986,-331.72198,1
56.91472,-349.16165,1
6.63872,-318.72291,1
79.48823,-312.44561,1
73.5829,-308.62175,1
111.12261,-314.64633,1
65.7141,-316.3642,1
102.8071,-264.54473,1
69.0632,-302.89032,1
100.52955,-334.56624,1
93.45296,-347.66754,1
42.22065,-291.58131,1
86.21755,-295.3797,1
99.62827,-329.58266,1
101.22834,-336.10447,1
146.7253,-338.58962,1
101.52186,-327.95616,1
126.89628,-305.38697,1
96.6006,-268.58261,1
115.40902,-277.39267,1
87.44018,-333.72868,1
122.43823,-299.82065,1
140.34503,-291.30263,1
130.02204,-336.23611,1
182.82829,-291.07041,1
149.3956,-309.81378,1
139.98834,-322.38372,1
146.57717,-292.52454,1
136.14481,-259.43276,1
100.53353,-299.41321,1
153.45662,-214.41824,1
137.80789,-258.09731,1
140.94084,-216.01072,1
93.91893,-269.86647,1
99.74064,-346.30971,1
159.58782,-265.31566,1
144.2613,-271.05515,1
247.88311,-273.96416,1
172.35067,-284.03039,1
168.00167,-270.0081,1
148.91164,-206.58702,1
198.60985,-255.32583,1
96.21947,-268.51428,1
248.47244,-262.84129,1
202.49803,-210.8824,1
177.97425,-277.59649,1
100.33355,-230.0002,1
150.92145,-243.40607,1
139.82418,-254.79559,1
180.26833,-236.91105,1
147.73319,-207.17461,1
165.1751,-291.41194,1
181.69816,-238.2255,1
191.65614,-196.45482,1
181.59712,-238.95272,1
157.42957,-208.77632,1
197.87111,-244.00616,1
137.00043,-186.06914,1
159.09104,-245.11996,1
208.43434,-261.24257,1
154.62294,-287.01273,1
222.78388,-237.58278,1
290.67919,-248.97534,1
176.90591,-234.00873,1
213.51294,-229.04022,1
226.2393,-242.16406,1
168.05284,-264.6104,1
144.40533,-224.04903,1
203.67569,-225.27869,1
251.58026,-167.30908,1
205.7873,-255.768,1
200.36374,-217.73153,1
199.16441,-218.44131,1
200.76809,-206.86534,1
202.77909,-186.76546,1
234.10944,-218.06739,1
262.86299,-217.86986,1
177.60913,-174.75184,1
203.01239,-174.23104,1
156.79532,-139.77831,1
250.42406,-224.23628,1
187.22085,-126.71198,1
210.77061,-199.55165,1
166.1971,-182.68394,1
228.61244,-148.31885,1
194.71566,-213.00403,1
251.43939,-134.79423,1
191.97686,-130.14055,1
241.41692,-127.41096,1
239.3415,-233.40212,1
238.02468,-123.48785,1
216.88494,-164.47939,1
239.50489,-237.36424,1
295.99876,-174.94878,1
262.0776,-148.02773,1
285.65901,-130.7549,1
241.88522,-167.24282,1
273.8485,-194.13249,1
270.24717,-168.38379,1
289.37382,-128.04816,1
272.04118,-127.89389,1
201.03552,-153.63376,1
274.64503,-120.26265,1
290.74665,-110.60686,1
227.13651,-144.02232,1
260.02265,-186.98976,1
307.91283,-101.73702,1
295.27187,-159.82168,1
296.52581,-42.86609,1
220.26723,-84.07007,1
260.60825,-150.93998,1
276.01942,-76.9877,1
243.8336,-64.40134,1
212.47547,-141.59896,1
267.16371,-93.36679,1
242.13238,-67.20741,1
280.09656,-63.11302,1
260.99208,-68.13699,1
251.80937,-21.95251,1
241.27142,-17.7565,1
267.13953,-119.52501,1
307.55652,-71.82301,1
292.44522,-36.22107,1
277.4236,-88.03721,1
296.90581,-67.5773,1
288.53565,-129.53885,1
281.67086,-81.40865,1
318.13816,-40.88001,1
275.98802,-42.30249,1
239.0684,-5.51109,1
328.96799,-39.73644,1
317.12013,-65.9116,1
245.65163,-44.92121,1
282.74615,-55.27905,1
285.9397,-31.57718,1
239.94204,-22.51361,1
295.85751,-30.24122,1
304.56736,-69.21487,1
284.03851,-65.10842,1
36.55563,-46.83368,0
41.65048,-42.25231,0
63.37816,1.39369,0
60.01451,-69.20099,0
103.65422,-44.65986,0
67.44986,-4.07058,0
74.91555,17.43369,0
82.9697,-39.16241,0
133.58559,-5.43186,0
63.39455,19.70893,0
74.84142,4.81193,0
141.62384,-13.38465,0
56.78343,0.38934,0
97.87743,-46.29284,0
6.13897,-16.71176,0
15.41995,-9.85828,0
78.80319,-21.86526,0
20.17285,8.89257,0
88.06262,-42.09764,0
85.96152,35.19285,0
89.10526,49.13234,0
125.63159,3.78076,0
61.90751,3.83645,0
57.68997,64.16157,0
16.25211,-5.83149,0
96.85185,52.4038,0
43.53884,49.21474,0
63.5286,70.34739,0
54.35021,57.84032,0
130.16206,46.7215,0
51.13284,52.13332,0
37.41092,103.75381,0
52.45346,25.5544,0
20.62884,68.25867,0
70.3301,21.99243,0
60.1904,-6.80197,0
46.99639,53.54902,0
91.18623,18.3227,0
0.10413,16.03402,0
-3.18399,84.4142,0
81.80124,55.306,0
70.38125,51.07008,0
29.26143,38.37822,0
21.14818,3.21895,0
36.70617,49.69168,0
49.43218,54.92063,0
20.45804,27.15633,0
25.74728,76.57991,0
-12.49747,58.16064,0
26.99129,35.0606,0
0.53968,64.54899,0
-17.67303,69.11807,0
-12.39711,91.45679,0
82.71276,34.66,0
26.6999,39.55229,0
39.98018,24.22856,0
21.23006,36.78798,0
-1.35233,32.79744,0
27.55718,39.32823,0
17.46063,54.78271,0
-4.53099,70.16463,0
-25.96276,72.62727,0
40.77903,43.51547,0
27.98939,112.30082,0
-33.69348,24.16312,0
-2.20304,51.8065,0
42.73497,69.64383,0
-39.45768,34.51245,0
15.23047,52.07595,0
-18.23229,98.12627,0
-36.15997,68.27142,0
-24.218,90.30241,0
-8.0901,63.30887,0
-25.99629,58.8247,0
-74.32837,77.72803,0
24.67151,43.46649,0
-57.37846,43.79045,0
-14.5413,83.25724,0
-43.12392,42.10871,0
-37.68154,22.51353,0
-38.23053,95.3572,0
-82.14428,22.95168,0
0.70626,50.24681,0
-14.6597,63.6088,0
-55.64981,80.96714,0
-79.35505,71.3328,0
-66.31367,27.24351,0
-46.76752,58.41702,0
-63.61392,29.42712,0
-13.15969,91.40708,0
-33.96199,55.2743,0
-116.73269,122.31572,0
-68.64538,40.51365,0
-56.24751,97.19994,0
-71.36518,99.7118,0
-40.08793,28.19127,0
-94.67722,88.29729,0
-157.70798,54.13669,0
-121.1003,43.33405,0
-88.9646,45.85521,0
-98.37054,22.62212,0
-14.82534,110.45665,0
-120.20113,100.75563,0
-99.05532,55.99055,0
-90.67674,31.10924,0
-60.94434,53.42959,0
-106.41132,9.23166,0
-120.55025,-2.19008,0
-94.97535,9.79954,0
-104.87988,85.41754,0
-62.47572,41.92856,0
-102.57888,97.8435,0
-85.82458,30.13214,0
-145.67741,50.27091,0
-79.43477,17.96351,0
-96.96342,24.43486,0
-112.5723,-40.89226,0
-115.02279,61.19586,0
-128.59507,32.0357,0
-133.58022,39.59178,0
-118.61062,-1.10589,0
-73.31558,53.20712,0
-132.58,38.51633,0
-99.41407,41.07174,0
-167.43022,50.1982,0
-134.72164,7.44053,0
-39.48391,25.3858,0
-131.16085,-51.69531,0
-78.78978,-27.77836,0
-151.45771,0.7331,0
-79.69396,31.94876,0
-127.71277,16.06122,0
-141.73977,9.04682,0
-122.23753,31.94976,0
-96.09031,15.72102,0
-136.60238,21.15785,0
-129.07531,-35.56545,0
-138.95695,-2.5952,0
-100.05142,-12.67076,0
-164.09072,-7.50658,0
-124.82504,-5.68674,0
-101.00346,17.24457,0
-146.75356,-33.876,0
-160.41743,3.49779,0
-85.98759,-28.99961,0
-136.8922,22.37126,0
-114.63594,-10.63388,0
-165.63978,-5.45059,0
-157.85216,-61.92636,0
-140.40315,-47.57378,0
-136.62606,-75.32369,0
-101.14779,-0.35698,0
-188.22295,-6.92532,0
-153.96514,-12.65852,0
-131.50558,-39.58958,0
-134.7644,-6.16945,0
-166.11487,-26.37309,0
-95.5597,-25.18667,0
-58.48776,-64.60653,0
-99.09562,-53.97389,0
-90.35571,-53.06576,0
-138.49459,-15.68682,0
-141.06311,-99.27375,0
-141.23736,-40.33219,0
-83.34449,-57.56782,0
-84.89173,-103.63191,0
-137.0261,-73.51446,0
-126.41443,-64.28962,0
-101.45899,-82.09576,0
-117.18369,-72.02735,0
-148.2594,-75.98793,0
-123.88096,-79.41593,0
-117.66757,-74.0594,0
-130.59952,-39.99393,0
-151.68696,-101.6291,0
-32.13752,-112.94244,0
-155.04543,-61.54838,0
-175.60572,-92.39737,0
-47.74017,-133.41943,0
-170.36063,-133.75396,0
-82.7022,-56.71661,0
-123.74701,-71.61841,0
-65.34366,-40.12201,0
-113.08956,-164.38621,0
-128.94085,-109.71719,0
-110.66503,-104.09049,0
-67.88043,-61.73348,0
-105.11654,-68.49272,0
-87.72487,-100.96168,0
-69.71674,-102.14692,0
-33.60773,-148.85184,0
-109.19753,-110.84689,0
-78.9312,-70.33053,0
-91.19187,-152.31988,0
-63.50311,-88.25294,0
-145.32712,-112.22904,0
-133.04341,-133.23166,0
-110.66695,-90.15485,0
-78.2978,-154.10416,0
-53.59802,-159.61672,0
-68.27195,-142.05099,0
-87.29992,-103.49224,0
-58.82004,-79.4621,0
-75.04554,-111.28918,0
-83.80578,-115.89485,0
-55.56698,-125.13561,0
-120.92497,-113.03352,0
-53.92036,-144.1334,0
-101.41828,-80.16126,0
-46.15833,-131.97808,0
-93.01417,-150.38639,0
-17.81427,-122.1864,0
-71.3866,-111.56764,0
-77.26703,-82.3326,0
-10.20715,-141.81198,0
-67.59824,-206.77272,0
-91.1243,-168.7837,0
-40.55259,-138.71424,0
-82.89339,-137.64639,0
-25.29273,-113.61701,0
-95.35789,-133.49719,0
-77.77928,-102.75081,0
-10.66317,-156.8531,0
-55.0756,-143.81608,0
-97.5838,-119.92095,0
-36.09109,-100.87282,0
-58.76471,-148.48597,0
-68.91671,-159.93139,0
-57.09168,-99.77008,0
-40.49501,-125.72692,0
-28.88958,-167.29543,0
-20.44071,-110.95413,0
-49.55591,-104.32622,0
-36.7535,-142.71824,0
6.71166,-147.71784,0
-6.03767,-136.79862,0
-1.24997,-198.28049,0
-57.99847,-107.83725,0
30.01862,-153.04655,0
-6.41915,-116.26407,0
23.68319,-185.26796,0
-21.724,-133.70558,0
27.90666,-48.02473,0
1.91139,-164.39564,0
22.74171,-81.72467,0
15.81835,-147.68216,0
43.20334,-99.66481,0
-14.45282,-107.17759,0
48.09333,-82.17397,0
18.00653,-127.34492,0
58.62092,-151.84124,0
36.74006,-155.53359,0
57.30044,-121.03349,0
65.12885,-97.37254,0
-7.91808,-68.16287,0
76.99727,-83.1844,0
9.26714,-117.54976,0
38.10522,-128.16264,0
86.11246,-101.36971,0
-44.18738,-94.13381,0
28.00999,-105.14466,0
28.90775,-77.23588,0
75.0379,-91.47474,0
32.71753,-99.69483,0
44.90247,-120.98596,0
63.06737,-81.54079,0
93.26456,-56.08191,0
27.7991,-67.50583,0
21.12439,-69.58195,0
35.40327,-119.47612,0
60.51628,-167.30837,0
0.76286,-90.66391,0
56.90605,-94.66224,0
8.15334,-106.33946,0
68.33882,-62.54655,0
57.14397,-43.47035,0
70.54227,-98.75327,0
51.15611,-116.5495,0
57.23854,-39.21491,0
81.91325,-28.61338,0
53.09976,-28.36856,0
57.17852,-22.6649,0
63.0725,-43.64026,0
108.69101,-68.68949,0
71.65732,-22.2358,0
61.74185,-98.52995,0
130.60647,-70.98492,0
71.621,-20.18879,0
49.10307,-83.07112,0
75.42688,-104.58346,0
59.59154,-41.38697,0
60.50105,-92.9804,0
116.75257,-41.50216,0
112.14603,-50.33441,0
43.05183,-32.37742,0
63.17567,-73.70063,0
113.8962,-54.94716,0
14.70429,5.65742,0
54.84913,-50.32896,0
17.03837,22.22824,0
