 192.00000,  34.77149
  56.00000,  69.10284
  60.00000,  70.25744
 191.00000,  31.96037
  32.00000,  69.33011
  10.00000,  78.85138
  91.00000,  50.85810
 151.00000,  42.94154
  36.00000,  72.32505
  77.00000,  53.70907
 168.00000,  34.02403
  92.00000,  59.87171
  16.00000,  76.36297
 102.00000,  57.09002
 139.00000,  59.36445
  74.00000,  63.59805
 180.00000,  42.07521
 187.00000,  27.86416
  83.00000,  60.44008
  87.00000,  58.51169
 132.00000,  49.66138
  75.00000,  64.55415
  50.00000,  65.76745
  66.00000,  61.94413
  39.00000,  72.02969
  10.00000,  75.68992
  20.00000,  82.20929
 188.00000,  33.59137
 101.00000,  54.73854
  31.00000,  67.58901
 162.00000,  36.46662
  95.00000,  59.58262
  50.00000,  64.47608
  49.00000,  62.56685
  36.00000,  77.19363
  89.00000,  59.45770
 100.00000,  57.69883
 176.00000,  32.84704
 135.00000,  42.74215
  63.00000,  68.94510
  42.00000,  68.23598
 181.00000,  32.59370
  79.00000,  57.71407
 140.00000,  45.39967
  86.00000,  49.75247
 104.00000,  57.61695
 157.00000,  40.71781
 182.00000,  36.79558
  11.00000,  86.83944
 107.00000,  50.86423
  31.00000,  69.60882
  64.00000,  68.67542
 131.00000,  44.56742
  60.00000,  66.74799
 139.00000,  45.37602
  43.00000,  69.49071
  83.00000,  51.59094
 151.00000,  40.02421
  48.00000,  70.18345
  61.00000,  64.73500
  88.00000,  55.31859
  48.00000,  70.06305
 111.00000,  54.20002
  55.00000,  66.71278
  48.00000,  64.36941
  39.00000,  70.92650
  84.00000,  63.51951
  27.00000,  68.44386
 174.00000,  35.53993
  25.00000,  75.40610
   0.00000,  73.71931
 116.00000,  47.04879
 136.00000,  53.40846
 138.00000,  45.62082
  29.00000,  76.65806
 191.00000,  32.97405
  12.00000,  77.11160
   7.00000,  78.50708
  99.00000,  57.15380
 195.00000,  36.46243
  57.00000,  57.74955
  73.00000,  56.08416
 153.00000,  41.32613
  86.00000,  59.60525
  42.00000,  68.69729
 123.00000,  47.06228
 105.00000,  50.67804
  42.00000,  72.86590
  20.00000,  86.12076
 109.00000,  51.54211
   1.00000,  75.27365
  58.00000,  65.24808
 170.00000,  39.07578
  58.00000,  72.72442
  56.00000,  66.47039
 190.00000,  39.59376
 140.00000,  48.96859
 103.00000,  56.02761
 101.00000,  53.92236
 136.00000,  43.95653
  14.00000,  86.08198
  66.00000,  62.41104
 116.00000,  54.99290
  73.00000,  59.31792
 116.00000,  51.41331
   1.00000,  73.85744
 105.00000,  56.79982
 101.00000,  58.88697
  60.00000,  61.58812
 182.00000,  37.83104
  49.00000,  70.22673
  83.00000,  60.19805
 179.00000,  35.76012
 152.00000,  35.54638
  98.00000,  52.55008
 139.00000,  45.37288
  38.00000,  67.03499
 106.00000,  56.36024
 149.00000,  45.68922
 160.00000,  44.61285
 145.00000,  36.94472
 200.00000,  33.07663
 168.00000,  35.22799
 183.00000,  32.32844
 177.00000,  30.34925
  14.00000,  72.95587
 129.00000,  43.85918
  28.00000,  77.14117
  17.00000,  76.99765
  49.00000,  66.40068
 173.00000,  39.74072
  91.00000,  56.64570
  43.00000,  63.78931
 147.00000,  44.38061
  42.00000,  68.66530
 169.00000,  34.65742
   2.00000,  81.34157
 163.00000,  42.18137
 143.00000,  47.66279
  59.00000,  64.28329
   8.00000,  80.67248
 194.00000,  25.74360
 123.00000,  51.66798
  73.00000,  54.67309
  63.00000,  66.16068
 108.00000,  56.06914
 149.00000,  43.46347
 171.00000,  33.41303
  61.00000,  55.99475
 174.00000,  37.93892
  52.00000,  67.79153
 191.00000,  35.14563
 179.00000,  34.54091
   0.00000,  86.85463
 111.00000,  52.75465
  33.00000,  69.15592
  15.00000,  69.63593
  64.00000,  54.32647
 164.00000,  44.62582
   2.00000,  78.73050
 127.00000,  49.78763
   8.00000,  76.04750
  34.00000,  63.29656
   0.00000,  82.64420
  49.00000,  68.77057
 166.00000,  31.27356
 172.00000,  34.65483
  97.00000,  60.03897
 106.00000,  62.11986
 132.00000,  40.80160
 153.00000,  46.22867
  33.00000,  71.76426
  27.00000,  70.23035
 160.00000,  38.79871
  76.00000,  57.94776
 133.00000,  48.13500
  74.00000,  62.37660
 105.00000,  46.51404
 114.00000,  49.49105
 145.00000,  44.59014
  56.00000,  67.94148
 144.00000,  45.03049
  40.00000,  71.20725
  50.00000,  71.55725
  86.00000,  58.03368
 145.00000,  36.98650
 138.00000,  44.59852
   2.00000,  81.34555
  78.00000,  57.47859
 176.00000,  36.16184
   7.00000,  78.19143
  14.00000,  71.66140
 193.00000,  28.43995
  15.00000,  78.03599
 115.00000,  51.89668
 156.00000,  39.57928
 130.00000,  49.23744
 172.00000,  32.33539
  69.00000,  66.43091
 165.00000,  34.23006
 178.00000,  33.28638
 107.00000,  56.63336
 180.00000,  41.98719
 172.00000,  42.69637
  40.00000,  71.91810
  42.00000,  73.59634
 154.00000,  47.88609
 153.00000,  46.55771
  46.00000,  67.05735
   8.00000,  75.94246
 174.00000,  38.95881
  90.00000,  51.99998
 115.00000,  47.61801
 131.00000,  46.91842
 174.00000,  39.69298
 167.00000,  40.87139
 184.00000,  38.13564
  19.00000,  77.69017
 187.00000,  33.32234
 128.00000,  47.66938
  81.00000,  60.59016
 198.00000,  34.98499
  34.00000,  77.60223
  93.00000,  53.80325
  34.00000,  78.23799
 138.00000,  45.55752
  13.00000,  79.11937
 103.00000,  54.08444
 134.00000,  47.64665
 116.00000,  46.15010
 102.00000,  51.80199
  53.00000,  69.20714
  31.00000,  67.17055
  10.00000,  73.53139
 172.00000,  43.56617
 195.00000,  25.06919
 190.00000,  36.29579
 147.00000,  36.40340
 163.00000,  40.07638
 116.00000,  51.33521
  48.00000,  67.44959
 188.00000,  35.51698
  42.00000,  61.26502
  11.00000,  68.67075
 137.00000,  41.26003
 109.00000,  51.28172
 200.00000,  30.37855
 170.00000,  32.65461
 159.00000,  44.17084
 129.00000,  44.48457
  48.00000,  70.25595
  80.00000,  60.34974
 111.00000,  50.91718
  31.00000,  70.75462
  16.00000,  75.06732
  89.00000,  62.34127
  98.00000,  59.20262
 157.00000,  38.16396
 161.00000,  35.04791
  58.00000,  63.81147
  88.00000,  56.79784
  27.00000,  77.97888
 158.00000,  43.94683
 128.00000,  47.97768
  64.00000,  63.29106
 125.00000,  49.63058
 167.00000,  41.32716
   0.00000,  81.37058
  53.00000,  61.20386
 151.00000,  42.70107
 123.00000,  42.55621
   2.00000,  79.52600
 117.00000,  51.22791
 144.00000,  45.98861
 125.00000,  47.91906
  47.00000,  62.11764
 100.00000,  50.33225
  84.00000,  61.56186
   6.00000,  77.85284
 177.00000,  34.90858
 196.00000,  30.83514
 124.00000,  48.13002
 165.00000,  30.54826
  68.00000,  63.96218
 144.00000,  45.57901
  30.00000,  72.02858
 109.00000,  58.34567
  76.00000,  62.08809
  50.00000,  66.32760
  46.00000,  70.23422
 119.00000,  51.24011
  82.00000,  54.29371
  99.00000,  53.91893
  49.00000,  64.53369
 104.00000,  56.61068
  79.00000,  63.43455
 144.00000,  48.29464
 158.00000,  42.61327
 161.00000,  37.04724
 115.00000,  55.85607
  84.00000,  56.13434
  70.00000,  65.56477
  29.00000,  71.18258
  36.00000,  71.94178
  87.00000,  62.55746
  27.00000,  71.24584
 151.00000,  35.09600
 194.00000,  33.13604
 101.00000,  48.46318
  71.00000,  55.23589
 166.00000,  32.53542
 172.00000,  36.55298
  24.00000,  72.28404
 139.00000,  50.92318
 153.00000,  38.50936
 120.00000,  56.34095
  21.00000,  68.44847
 116.00000,  49.34456
  43.00000,  73.60334
  46.00000,  68.96392
  86.00000,  59.91127
 197.00000,  29.44969
 129.00000,  40.81732
  50.00000,  68.84541
  62.00000,  60.90379
  13.00000,  76.48819
  26.00000,  69.96868
 170.00000,  30.76507
  71.00000,  65.31941
 171.00000,  23.44406
 144.00000,  43.34911
  64.00000,  65.63710
  52.00000,  63.63421
  96.00000,  56.96468
  24.00000,  73.94387
 118.00000,  48.55327
 186.00000,  38.92476
  32.00000,  73.72867
 124.00000,  53.27138
  41.00000,  68.94840
  69.00000,  67.21582
 145.00000,  36.92672
  73.00000,  71.17246
 152.00000,  42.83082
 166.00000,  43.68417
 116.00000,  46.69372
 140.00000,  38.84940
  14.00000,  75.31082
  83.00000,  64.38754
  50.00000,  63.43477
 135.00000,  42.81504
 133.00000,  48.32504
 120.00000,  49.58778
  97.00000,  59.61440
  84.00000,  50.37587
  75.00000,  51.96754
  85.00000,  55.28799
 156.00000,  41.83463
  39.00000,  74.20442
  76.00000,  62.11965
 174.00000,  37.73739
  82.00000,  62.49232
  12.00000,  78.53647
 190.00000,  32.85515
 100.00000,  59.72527
 102.00000,  46.28729
 156.00000,  43.41963
  54.00000,  64.44805
  55.00000,  64.23744
 161.00000,  41.43443
 199.00000,  28.96308
  69.00000,  57.13217
 120.00000,  51.26923
 181.00000,  33.58017
   2.00000,  83.97074
  83.00000,  56.96476
 128.00000,  50.99198
 167.00000,  40.40611
 181.00000,  38.17970
 166.00000,  35.74175
  57.00000,  59.35401
 102.00000,  55.26483
  70.00000,  61.29322
  16.00000,  74.22076
 112.00000,  56.69817
 197.00000,  32.76690
 166.00000,  40.54836
 138.00000,  42.65402
  11.00000,  77.00676
  34.00000,  70.10217
 152.00000,  38.06497
 173.00000,  33.98463
  14.00000,  78.36262
 106.00000,  57.47698
 126.00000,  53.09248
  47.00000,  67.45112
  14.00000,  74.44815
 173.00000,  36.46104
  91.00000,  49.80496
  61.00000,  72.36789
  44.00000,  70.05755
 155.00000,  41.98899
 194.00000,  30.68278
 164.00000,  36.83940
 178.00000,  31.16380
 122.00000,  44.41895
  11.00000,  74.48488
  48.00000,  62.69455
 157.00000,  41.01529
  69.00000,  67.85307
   7.00000,  78.38575
  41.00000,  75.61746
 118.00000,  45.57556
  80.00000,  57.44787
 147.00000,  45.71280
 180.00000,  37.44415
  45.00000,  65.94675
  28.00000,  72.71981
 154.00000,  46.93106
 117.00000,  51.17841
  41.00000,  64.86471
 128.00000,  56.24333
  37.00000,  77.62773
  89.00000,  64.44816
  96.00000,  50.85723
  69.00000,  68.18069
 119.00000,  48.37859
  37.00000,  69.68451
  69.00000,  67.74522
   2.00000,  82.64327
  38.00000,  69.37274
  75.00000,  65.61580
 111.00000,  51.99066
   2.00000,  83.13106
 187.00000,  27.51242
 155.00000,  26.95811
 177.00000,  39.03198
 199.00000,  31.59971
  30.00000,  72.31307
  99.00000,  57.34489
  51.00000,  70.22939
 127.00000,  51.30770
 172.00000,  32.20229
 161.00000,  38.85662
 106.00000,  55.59103
  42.00000,  69.75823
  67.00000,  54.61284
  17.00000,  79.16267
 158.00000,  41.56749
  11.00000,  83.31298
 198.00000,  29.35827
  27.00000,  68.20973
  13.00000,  74.29582
  50.00000,  74.54089
 130.00000,  48.83107
 135.00000,  50.18213
 197.00000,  33.19491
 110.00000,  52.50153
  80.00000,  53.33140
  58.00000,  71.51857
  49.00000,  67.86194
 128.00000,  54.97593
 149.00000,  47.37760
 108.00000,  44.73230
 192.00000,  34.41047
 122.00000,  50.14726
  28.00000,  72.50729
  87.00000,  54.50674
 164.00000,  45.77794
  60.00000,  65.47020
  26.00000,  76.72247
  17.00000,  72.41578
  43.00000,  72.82161
 146.00000,  44.49103
 177.00000,  34.81801
  65.00000,  60.85461
  68.00000,  63.03728
  65.00000,  67.59694
 177.00000,  34.19673
  63.00000,  72.96234
 178.00000,  32.62273
   0.00000,  86.69933
  91.00000,  47.23396
 102.00000,  53.75480
  78.00000,  67.01020
 120.00000,  53.61456
  87.00000,  61.62885
 127.00000,  45.28571
   4.00000,  73.01294
  45.00000,  65.08387
  74.00000,  70.62640
  24.00000,  73.71934
 143.00000,  41.69174
  26.00000,  84.32964
  80.00000,  60.20317
  98.00000,  50.55091
  60.00000,  65.62816
 163.00000,  42.04673
  30.00000,  71.29742
  70.00000,  59.49995
  22.00000,  73.87859
 190.00000,  32.86761
  43.00000,  71.52723
 190.00000,  36.15452
  19.00000,  76.59758
  57.00000,  59.88561
 169.00000,  39.98802
  52.00000,  66.54269
 141.00000,  42.92018
 162.00000,  44.01211
 169.00000,  31.93634
 182.00000,  29.49857
 162.00000,  35.83506
 140.00000,  45.99583
 145.00000,  38.53006
 152.00000,  39.60851
 156.00000,  36.10937
  44.00000,  71.11941
  82.00000,  50.32896
  57.00000,  62.05816
 166.00000,  39.78425
 180.00000,  36.38348
  35.00000,  70.03894
  93.00000,  54.04941
   1.00000,  81.15628
  30.00000,  76.49006
 162.00000,  39.92242
  91.00000,  50.56175
 145.00000,  43.14652
  20.00000,  72.18954
  53.00000,  70.85378
 167.00000,  33.09993
  45.00000,  73.57355
  75.00000,  59.91859
 194.00000,  28.94471
 187.00000,  30.71404
 103.00000,  51.62545
 199.00000,  33.82243
 131.00000,  46.89585
  64.00000,  66.89172
  63.00000,  69.49173
  20.00000,  68.63931
  42.00000,  64.90967
  69.00000,  65.42468
  49.00000,  66.85058
  85.00000,  63.44176
 189.00000,  32.10418
  46.00000,  65.37064
  33.00000,  73.74792
  13.00000,  76.61594
  71.00000,  57.54651
 111.00000,  48.36259
 123.00000,  53.00230
  19.00000,  72.71917
 146.00000,  45.88490
  94.00000,  59.82891
  84.00000,  65.60887
 122.00000,  49.55258
 161.00000,  40.15519
  79.00000,  57.71274
  70.00000,  59.57775
  43.00000,  67.20401
 130.00000,  45.12452
  91.00000,  49.42823
 200.00000,  28.95185
  60.00000,  58.11092
 186.00000,  29.76856
 136.00000,  44.62147
 152.00000,  47.83145
  44.00000,  70.40243
  17.00000,  75.45956
   1.00000,  82.79495
 113.00000,  50.00495
  68.00000,  65.69785
  17.00000,  76.43043
 200.00000,  26.50582
 133.00000,  45.75704
 132.00000,  49.15708
  59.00000,  66.45722
 175.00000,  36.81817
  26.00000,  67.82465
 119.00000,  44.44652
 137.00000,  42.22338
   9.00000,  85.16598
 168.00000,  37.87286
 130.00000,  40.03488
  13.00000,  81.91245
 184.00000,  32.08255
 117.00000,  49.17025
  90.00000,  56.04279
 135.00000,  48.02053
  16.00000,  75.92754
 152.00000,  41.51614
 197.00000,  26.24590
 200.00000,  32.22098
  76.00000,  59.66818
  38.00000,  77.58963
 167.00000,  42.48603
 107.00000,  40.18392
  34.00000,  64.11339
 116.00000,  53.58993
 165.00000,  41.35596
 164.00000,  40.88392
 158.00000,  34.42837
 136.00000,  38.69318
 168.00000,  41.38775
  27.00000,  74.97930
 172.00000,  39.51036
 179.00000,  39.86693
 176.00000,  39.17317
  30.00000,  70.99853
 109.00000,  48.37599
  53.00000,  69.65756
 198.00000,  25.68608
 101.00000,  47.80884
   3.00000,  77.57035
  32.00000,  70.58478
 109.00000,  60.73475
  59.00000,  66.79472
  29.00000,  67.88544
   3.00000,  76.19882
  48.00000,  61.90918
 153.00000,  39.11346
 104.00000,  46.89074
 117.00000,  59.28614
  73.00000,  56.89008
 169.00000,  36.34880
 197.00000,  30.13309
 149.00000,  39.64101
  35.00000,  66.89131
 143.00000,  36.17545
 183.00000,  28.30311
 174.00000,  33.07262
 121.00000,  48.77555
  49.00000,  67.38357
  59.00000,  68.97884
  59.00000,  68.55150
  41.00000,  74.60331
  58.00000,  69.19574
 102.00000,  50.39547
  26.00000,  69.65127
 188.00000,  31.34952
 101.00000,  60.27800
 160.00000,  37.66631
  30.00000,  66.18361
  23.00000,  71.94472
 133.00000,  52.68630
  77.00000,  62.59412
  53.00000,  67.56559
 139.00000,  49.98186
 160.00000,  36.85312
   0.00000,  78.23360
 122.00000,  48.76231
 100.00000,  54.09509
 165.00000,  43.27822
   9.00000,  79.91884
 131.00000,  40.66796
 176.00000,  31.83699
   5.00000,  75.76262
  93.00000,  60.03191
  25.00000,  71.43837
  21.00000,  78.30552
 125.00000,  49.88249
  94.00000,  57.81571
  56.00000,  65.80313
  77.00000,  64.15157
  98.00000,  59.66788
 117.00000,  45.67166
 141.00000,  40.30064
 121.00000,  45.07666
   7.00000,  76.18203
  85.00000,  62.95781
  47.00000,  66.19203
 135.00000,  49.46714
 110.00000,  50.77189
  28.00000,  70.80355
 110.00000,  51.34558
 189.00000,  30.89584
  15.00000,  76.10135
 134.00000,  43.97413
 190.00000,  27.29877
  32.00000,  75.95939
 120.00000,  45.37505
   1.00000,  71.70565
  40.00000,  74.30548
 183.00000,  33.54756
 103.00000,  62.45174
 102.00000,  51.82588
  41.00000,  69.31583
  49.00000,  69.90156
  37.00000,  71.09328
  30.00000,  72.76213
  64.00000,  59.66613
  22.00000,  76.94898
  37.00000,  70.39179
 121.00000,  46.17765
 113.00000,  43.86294
 160.00000,  37.17947
  64.00000,  66.68912
 199.00000,  30.18512
  65.00000,  64.60614
 154.00000,  43.38141
  41.00000,  73.75013
 111.00000,  57.53836
   5.00000,  78.01885
 132.00000,  41.70965
   2.00000,  83.55069
   9.00000,  73.40172
  58.00000,  60.68685
 116.00000,  48.07385
  36.00000,  77.43043
 127.00000,  48.06125
  12.00000,  78.60569
 153.00000,  39.36137
 104.00000,  54.16149
   4.00000,  77.59306
  85.00000,  64.38794
  34.00000,  62.83153
 100.00000,  58.84454
 125.00000,  41.31350
  58.00000,  63.28594
 182.00000,  36.25984
 177.00000,  32.48978
   9.00000,  80.03895
   0.00000,  75.47840
  86.00000,  51.00924
 175.00000,  40.45089
 144.00000,  44.59668
 110.00000,  59.93415
 185.00000,  32.79473
 141.00000,  47.52991
  58.00000,  70.00067
 128.00000,  46.20743
  47.00000,  72.56091
 145.00000,  41.69565
  56.00000,  68.11829
  79.00000,  56.77977
 101.00000,  50.55660
  84.00000,  63.26278
 103.00000,  56.52507
  92.00000,  57.33718
 168.00000,  38.09928
 168.00000,  40.79261
  67.00000,  53.11538
 184.00000,  32.23720
 161.00000,  42.43146
 160.00000,  41.04434
 176.00000,  35.23098
 151.00000,  42.39440
  47.00000,  65.48569
  32.00000,  74.17114
 107.00000,  54.84603
 109.00000,  58.50218
 177.00000,  34.05724
  72.00000,  57.23180
 167.00000,  49.17805
  91.00000,  49.14804
 158.00000,  37.13655
  19.00000,  78.22439
  31.00000,  74.68542
 176.00000,  36.52474
   7.00000,  74.31738
 142.00000,  40.71679
   0.00000,  76.45112
  76.00000,  65.24676
 149.00000,  36.81652
 125.00000,  43.92971
  75.00000,  62.36818
 181.00000,  34.24812
  20.00000,  74.14255
   2.00000,  78.30442
 171.00000,  41.69806
 106.00000,  48.99322
  11.00000,  72.38471
 167.00000,  36.27826
  31.00000,  71.93752
 115.00000,  47.97474
 138.00000,  46.40742
 173.00000,  36.97401
  34.00000,  70.61273
  56.00000,  65.40798
  75.00000,  61.28039
  81.00000,  54.99017
 111.00000,  59.22844
 114.00000,  57.15048
  82.00000,  60.49149
  19.00000,  78.65090
  27.00000,  70.91469
  81.00000,  59.79225
 114.00000,  51.57629
 183.00000,  35.16028
 161.00000,  41.60622
   8.00000,  76.39678
  20.00000,  77.74509
 180.00000,  32.77908
 194.00000,  33.42584
 183.00000,  36.47560
  31.00000,  66.42838
 163.00000,  43.14534
  82.00000,  54.03310
 108.00000,  54.99846
 173.00000,  36.17472
 174.00000,  40.86406
 148.00000,  48.93245
   6.00000,  74.93067
 197.00000,  34.46181
  16.00000,  78.78601
  96.00000,  58.39061
  95.00000,  51.68111
 172.00000,  41.35435
  14.00000,  73.96313
 174.00000,  33.94877
  23.00000,  71.11668
 118.00000,  52.50706
  52.00000,  64.64018
  98.00000,  55.60447
  85.00000,  63.79176
 117.00000,  47.71673
  63.00000,  59.57944
 174.00000,  38.08872
 169.00000,  35.72711
  91.00000,  60.23667
  37.00000,  75.65463
  28.00000,  78.88887
 117.00000,  52.64799
 167.00000,  40.56992
 135.00000,  39.06303
 119.00000,  58.32130
 199.00000,  27.01750
  37.00000,  71.98407
  61.00000,  53.17522
 155.00000,  42.66732
  64.00000,  58.10615
 132.00000,  47.22670
 161.00000,  33.68406
  95.00000,  61.50902
 105.00000,  57.68592
  37.00000,  67.60028
 147.00000,  50.03003
 193.00000,  29.91346
 133.00000,  51.91068
  22.00000,  75.81771
  25.00000,  61.66088
  31.00000,  74.03106
 162.00000,  39.97434
 139.00000,  41.17959
 114.00000,  48.87535
  53.00000,  67.79046
 127.00000,  43.89331
   2.00000,  66.10391
 188.00000,  34.39084
  86.00000,  60.09746
  78.00000,  56.52089
 111.00000,  48.81116
 127.00000,  44.85035
 112.00000,  48.34889
  59.00000,  68.76597
  95.00000,  53.11866
 118.00000,  57.66979
 170.00000,  44.86665
 156.00000,  35.96885
  17.00000,  68.85898
   6.00000,  83.35537
 195.00000,  33.59369
 123.00000,  48.79886
 120.00000,  46.53187
 109.00000,  52.46728
 148.00000,  39.44712
 101.00000,  55.03627
  11.00000,  70.79067
  96.00000,  59.05151
  90.00000,  58.27070
 153.00000,  36.98237
  66.00000,  65.75850
 138.00000,  54.27388
  59.00000,  72.12401
 141.00000,  44.57252
 156.00000,  37.96019
  68.00000,  67.15038
  50.00000,  70.51244
  41.00000,  64.49402
 147.00000,  40.48202
  53.00000,  64.10460
  93.00000,  51.11391
  53.00000,  61.20805
  36.00000,  71.45595
 192.00000,  25.83469
  17.00000,  83.08675
  78.00000,  58.24025
 132.00000,  45.85176
 101.00000,  57.45231
  27.00000,  69.21465
   0.00000,  77.15700
 138.00000,  47.58664
 152.00000,  40.74236
 120.00000,  50.58354
 163.00000,  33.30327
 131.00000,  41.58037
   9.00000,  79.10146
 144.00000,  39.88915
 180.00000,  35.73468
 198.00000,  31.75894
  79.00000,  57.16750
  61.00000,  67.48048
  85.00000,  66.30169
 171.00000,  36.04044
 199.00000,  33.90935
  19.00000,  64.43796
   5.00000,  80.37621
  67.00000,  68.36942
 115.00000,  52.44339
 187.00000,  33.94690
 167.00000,  37.34749
 195.00000,  33.79815
 102.00000,  54.97131
  79.00000,  63.84670
 145.00000,  44.99385
 192.00000,  28.86323
 101.00000,  46.76569
  40.00000,  73.73910
  75.00000,  60.77412
 198.00000,  31.68749
  32.00000,  72.88596
  92.00000,  55.73427
 132.00000,  43.55036
 140.00000,  46.86674
  20.00000,  71.87787
  28.00000,  74.02857
  38.00000,  75.15068
  32.00000,  72.61127
 146.00000,  41.54595
  91.00000,  53.40963
  95.00000,  58.77164
 160.00000,  40.91502
  80.00000,  55.99138
  91.00000,  59.19918
  75.00000,  60.95724
 111.00000,  47.70081
 158.00000,  37.34399
  24.00000,  72.47561
 159.00000,  40.12298
  49.00000,  69.15624
   0.00000,  75.26492
 114.00000,  58.60060
 119.00000,  50.28348
  26.00000,  77.63556
 155.00000,  33.94991
 183.00000,  30.05682
 166.00000,  39.22457
  51.00000,  71.66127
  17.00000,  81.97296
 129.00000,  49.80618
 142.00000,  43.70970
 165.00000,  39.41696
  70.00000,  65.96047
 123.00000,  46.49771
  74.00000,  62.62483
  32.00000,  70.43260
 165.00000,  41.55017
  58.00000,  64.57103
 136.00000,  43.92537
 162.00000,  36.82638
  15.00000,  67.14860
  82.00000,  64.89684
 188.00000,  35.44409
 110.00000,  50.10379
 150.00000,  46.92901
   6.00000,  80.07924
 171.00000,  34.90500
  16.00000,  74.39217
  51.00000,  65.34747
  11.00000,  70.24057
  93.00000,  52.70686
 105.00000,  55.29144
 157.00000,  45.12292
  90.00000,  48.91716
  31.00000,  72.32976
 175.00000,  40.17899
 143.00000,  42.39271
  68.00000,  57.26108
 159.00000,  45.10285
  25.00000,  65.71995
  34.00000,  66.32606
  95.00000,  53.54630
  18.00000,  77.79879
  74.00000,  58.39604
  26.00000,  75.71447
 133.00000,  47.95900
   1.00000,  80.23899
  97.00000,  54.21581
  21.00000,  75.76462
  56.00000,  70.30413
 137.00000,  44.87759
 141.00000,  40.21017
  98.00000,  57.79248
 198.00000,  27.83185
   5.00000,  86.22688
 152.00000,  38.84585
 110.00000,  53.61614
  52.00000,  70.35671
 146.00000,  42.05929
   5.00000,  78.62944
  43.00000,  72.72084
  95.00000,  67.38488
 101.00000,  51.21177
 113.00000,  58.91891
 141.00000,  42.16180
  10.00000,  81.61769
  59.00000,  66.01091
 183.00000,  28.80103
  18.00000,  73.10329
  10.00000,  75.24820
  96.00000,  56.99664
  39.00000,  68.70668
  81.00000,  58.92468
 182.00000,  27.38213
  87.00000,  56.85416
 132.00000,  46.86829
  90.00000,  57.97470
 147.00000,  48.34706
  26.00000,  76.00971
  14.00000,  75.34212
 142.00000,  46.18779
  36.00000,  66.20124
   3.00000,  74.59537
 142.00000,  49.26248
 134.00000,  45.88153
 176.00000,  41.02987
 196.00000,  23.77602
  24.00000,  70.86676
  96.00000,  54.61728
 132.00000,  43.70968
 145.00000,  43.22366
 116.00000,  53.07066
  61.00000,  66.82887
 106.00000,  52.99962
   3.00000,  81.99490
 116.00000,  50.12135
 149.00000,  39.42664
 196.00000,  25.47433
   9.00000,  75.43967
 176.00000,  36.37671
 199.00000,  32.28704
   9.00000,  74.63812
 198.00000,  38.15361
  93.00000,  64.63361
  75.00000,  63.09567
  78.00000,  60.59374
 196.00000,  26.35363
  55.00000,  67.95902
  14.00000,  71.94824
 114.00000,  47.96773
  65.00000,  65.64240
 123.00000,  53.87517
 120.00000,  52.31600
  87.00000,  52.27041
 130.00000,  40.90364
 185.00000,  32.98860
  68.00000,  65.04226
 126.00000,  48.64576
  97.00000,  51.07072
 111.00000,  47.08185
 100.00000,  54.09517
  78.00000,  61.94381
 200.00000,  24.83625
  90.00000,  59.23453
 126.00000,  48.33677
 135.00000,  38.63640
  84.00000,  62.27812
  67.00000,  68.77908
 118.00000,  47.07349
  64.00000,  58.47629
 141.00000,  46.85136
  19.00000,  69.92754
  61.00000,  62.50985
 158.00000,  42.44726
  91.00000,  63.84178
  19.00000,  74.63828
 131.00000,  51.62208
 173.00000,  30.67186
  44.00000,  70.25306
 144.00000,  43.67773
  97.00000,  42.88281
 104.00000,  54.03263
 142.00000,  40.46981
  36.00000,  73.52297
  25.00000,  69.58384
  55.00000,  68.14241
  64.00000,  64.01679
  52.00000,  71.87957
 192.00000,  40.35692
 120.00000,  50.79748
 110.00000,  50.46629
   6.00000,  81.26234
   2.00000,  89.13278
  66.00000,  61.03925
   8.00000,  76.40678
 193.00000,  30.45152
 197.00000,  29.80270
 120.00000,  52.81746
 149.00000,  44.28674
 131.00000,  43.57680
 151.00000,  46.86121
  82.00000,  58.45482
 145.00000,  43.30687
  24.00000,  73.08032
  65.00000,  59.80006
 134.00000,  50.40531
  94.00000,  58.54562
  36.00000,  72.51947
  50.00000,  73.94552
  14.00000,  68.41763
 125.00000,  52.63632
 156.00000,  39.97669
  88.00000,  56.85717
  10.00000,  72.45854
 128.00000,  42.25192
  47.00000,  65.85209
  10.00000,  77.93440
  62.00000,  60.54015
 135.00000,  41.43431
 159.00000,  43.49476
 149.00000,  42.06140
  45.00000,  74.24210
 193.00000,  36.78581
  70.00000,  63.72656
 180.00000,  29.96780
  13.00000,  78.37672
  59.00000,  65.81094
 100.00000,  49.16195
  88.00000,  61.22409
  28.00000,  71.07682
 101.00000,  55.16869
  47.00000,  66.05699
  76.00000,  55.59515
 148.00000,  38.84189
   2.00000,  78.40474
 149.00000,  45.17423
  36.00000,  69.20861
  63.00000,  67.96231
  48.00000,  70.41001
  43.00000,  73.57276
 148.00000,  48.50633
 188.00000,  38.85794
 170.00000,  38.64438
 149.00000,  46.01906
 180.00000,  39.50950
 197.00000,  29.60982
  34.00000,  79.80062
  25.00000,  74.30986
 117.00000,  49.08046
 197.00000,  30.52296
 182.00000,  30.89622
 169.00000,  31.99072
  70.00000,  60.30003
  13.00000,  76.27019
 194.00000,  36.22784
 159.00000,  40.71652
 108.00000,  50.31748
 179.00000,  42.23267
   1.00000,  81.60348
 186.00000,  32.07897
  65.00000,  62.93797
  36.00000,  73.62483
  45.00000,  74.04579
  40.00000,  67.53232
 196.00000,  35.86317
 105.00000,  55.82078
  74.00000,  56.13683
  22.00000,  76.36175
 119.00000,  46.97215
  92.00000,  58.80094
 143.00000,  45.10944
 172.00000,  40.71427
  14.00000,  74.64076
  58.00000,  71.32806
 178.00000,  35.96260
 135.00000,  56.30074
  21.00000,  75.06935
  16.00000,  69.36907
  70.00000,  63.59422
   2.00000,  76.70751
  82.00000,  58.44195
 114.00000,  57.37787
  83.00000,  62.60884
  51.00000,  74.41998
 150.00000,  33.69716
  58.00000,  57.57049
 100.00000,  56.51337
   1.00000,  78.38188
  98.00000,  46.30863
  36.00000,  75.27189
  69.00000,  65.03155
 106.00000,  60.67146
  37.00000,  75.92728
 139.00000,  47.83429
  44.00000,  64.82726
 112.00000,  57.58805
  44.00000,  69.24054
 104.00000,  61.58886
  59.00000,  69.06760
 140.00000,  40.75336
  99.00000,  54.20278
 189.00000,  34.86703
  32.00000,  73.89219
 179.00000,  45.45523
  53.00000,  64.19893
 104.00000,  53.21952
 151.00000,  46.99107
  15.00000,  74.69269
  36.00000,  69.16979
  41.00000,  69.60185
 138.00000,  43.19111
  98.00000,  57.99486
  68.00000,  67.46080
  66.00000,  65.48703
  16.00000,  74.44145
  40.00000,  71.07690
  39.00000,  71.19180
 118.00000,  46.92390
 161.00000,  37.51725
  68.00000,  62.98024
  37.00000,  65.06327
  37.00000,  66.47302
 101.00000,  52.61494
 192.00000,  33.79530
 198.00000,  32.92871
  99.00000,  50.95964
 179.00000,  37.18850
 127.00000,  49.92323
 116.00000,  48.46764
  34.00000,  65.72607
 198.00000,  30.74877
 197.00000,  26.54224
  60.00000,  66.17450
 176.00000,  37.76857
  85.00000,  67.40675
 199.00000,  22.81983
 155.00000,  35.88219
 166.00000,  38.82378
  45.00000,  72.04938
  89.00000,  66.17156
 126.00000,  51.12851
  97.00000,  67.38709
 108.00000,  52.64683
 106.00000,  48.53190
  21.00000,  80.81345
  95.00000,  61.74907
 121.00000,  54.77948
  90.00000,  55.82772
 151.00000,  34.19372
 103.00000,  54.16650
  48.00000,  68.55397
 189.00000,  30.46903
  39.00000,  71.88709
   9.00000,  77.75322
 171.00000,  35.79718
  62.00000,  65.18143
  82.00000,  64.89913
  28.00000,  70.99144
 173.00000,  37.04877
 141.00000,  45.19983
 105.00000,  52.17419
  86.00000,  62.14717
  40.00000,  68.47348
 175.00000,  37.19831
 116.00000,  46.23314
  30.00000,  71.35671
  92.00000,  56.42915
  84.00000,  53.21359
  67.00000,  59.46592
  13.00000,  75.62260
  57.00000,  67.85910
  26.00000,  79.92348
  61.00000,  62.78972
 158.00000,  40.80491
   0.00000,  86.45029
  11.00000,  74.21755
  71.00000,  60.29994
  59.00000,  65.86839
  46.00000,  70.37016
 106.00000,  61.49397
 161.00000,  45.97857
  13.00000,  73.94586
   4.00000,  76.80016
  45.00000,  69.29677
   3.00000,  78.84872
 163.00000,  38.90799
  96.00000,  57.71896
 175.00000,  33.98247
  74.00000,  62.30411
 178.00000,  37.08958
  18.00000,  74.17844
 137.00000,  50.98518
  54.00000,  59.09119
 162.00000,  33.47751
 144.00000,  40.33587
  68.00000,  68.86181
  64.00000,  63.14061
  77.00000,  63.01577
 163.00000,  43.01992
  42.00000,  68.37371
 196.00000,  33.51459
 186.00000,  32.77827
  95.00000,  59.90306
 164.00000,  39.27656
 185.00000,  33.14304
 152.00000,  44.42114
  14.00000,  77.74018
 124.00000,  39.03647
 186.00000,  33.57258
 183.00000,  43.27405
 103.00000,  54.44748
 126.00000,  47.86475
  44.00000,  73.23034
  70.00000,  63.96335
  83.00000,  53.31436
  22.00000,  82.24991
 176.00000,  37.41810
 157.00000,  37.86754
 134.00000,  52.94525
 149.00000,  34.81749
 198.00000,  36.49905
   9.00000,  85.30774
 184.00000,  40.16618
 102.00000,  50.39218
  61.00000,  62.43083
  37.00000,  73.23321
  93.00000,  56.33175
 154.00000,  38.96482
  78.00000,  59.50437
 181.00000,  35.38395
  93.00000,  64.68093
  47.00000,  66.16483
  42.00000,  71.31195
 135.00000,  47.67035
 118.00000,  51.35822
 180.00000,  31.88515
  76.00000,  62.52695
  82.00000,  62.51524
 153.00000,  43.38521
 194.00000,  27.15475
 173.00000,  37.18646
 113.00000,  54.18314
 150.00000,  41.01860
 132.00000,  54.02547
 178.00000,  36.18994
  94.00000,  56.09050
  24.00000,  78.05875
 107.00000,  55.14874
 117.00000,  47.41098
 165.00000,  40.94251
  88.00000,  65.42646
 103.00000,  55.35142
 165.00000,  38.53122
 170.00000,  42.76676
  81.00000,  61.11436
 182.00000,  34.42762
  97.00000,  50.36641
 112.00000,  49.01626
 180.00000,  36.01705
 186.00000,  29.82136
  22.00000,  75.06991
 162.00000,  36.60455
  65.00000,  63.67600
  94.00000,  57.58740
  77.00000,  58.59211
 140.00000,  49.08310
 176.00000,  34.13396
 173.00000,  32.87303
  96.00000,  59.57385
  76.00000,  57.48592
 114.00000,  57.14227
  61.00000,  64.60462
  92.00000,  56.43372
 166.00000,  41.54855
  69.00000,  59.24508
  82.00000,  58.52130
 154.00000,  45.86130
 161.00000,  42.14633
  95.00000,  53.46735
  20.00000,  75.71490
 107.00000,  46.84057
 181.00000,  39.28167
 191.00000,  33.55746
 185.00000,  35.03356
 146.00000,  39.74278
 135.00000,  46.90130
  56.00000,  67.30325
  82.00000,  58.40405
   3.00000,  80.31357
 141.00000,  45.34833
  28.00000,  75.66661
  33.00000,  71.84190
  18.00000,  72.06968
  48.00000,  74.10852
  51.00000,  71.21164
  25.00000,  77.77751
 184.00000,  31.04424
 154.00000,  43.94759
 122.00000,  48.64192
  41.00000,  73.76250
  93.00000,  61.89434
  41.00000,  78.52858
  53.00000,  70.86790
 155.00000,  37.28189
 128.00000,  52.45183
 169.00000,  42.39561
  94.00000,  60.39956
 122.00000,  46.94809
 198.00000,  30.63786
  46.00000,  67.45457
 108.00000,  44.40017
  28.00000,  77.33437
  55.00000,  74.39880
  91.00000,  53.70638
  60.00000,  66.14587
 129.00000,  47.65660
  11.00000,  78.56447
   1.00000,  81.02055
 165.00000,  43.16589
  50.00000,  67.68400
 166.00000,  39.76505
  17.00000,  69.80433
  98.00000,  57.43722
  10.00000,  70.10134
  71.00000,  65.01503
 111.00000,  54.77731
 141.00000,  48.36816
   6.00000,  76.50927
  35.00000,  68.12565
 132.00000,  48.52995
 196.00000,  31.33650
  13.00000,  74.91147
  68.00000,  59.65759
 107.00000,  53.88772
  44.00000,  73.27297
 177.00000,  37.49362
  72.00000,  57.39343
 185.00000,  40.05764
 189.00000,  35.15142
 139.00000,  41.62957
  98.00000,  55.31259
 193.00000,  26.63147
  79.00000,  60.77681
  64.00000,  59.48712
 199.00000,  28.43170
  74.00000,  64.54987
  91.00000,  54.68855
  95.00000,  61.86278
 170.00000,  39.10856
 113.00000,  53.35700
 137.00000,  49.01034
 142.00000,  45.01200
  35.00000,  78.40651
 191.00000,  33.06110
 198.00000,  30.12396
  82.00000,  63.74002
 103.00000,  54.86730
 183.00000,  29.22437
  32.00000,  77.78113
  44.00000,  68.27761
  11.00000,  72.40854
 165.00000,  33.49874
 172.00000,  27.17742
   5.00000,  78.89804
  76.00000,  54.72385
 144.00000,  42.74609
 149.00000,  42.85956
  42.00000,  66.92749
 160.00000,  34.65391
  62.00000,  63.55487
 137.00000,  43.84140
  77.00000,  53.50970
 190.00000,  32.42040
 142.00000,  47.54356
  55.00000,  61.52746
  62.00000,  66.09861
  76.00000,  59.90062
 181.00000,  37.44814
 196.00000,  28.15341
  52.00000,  74.24574
  41.00000,  71.39039
  37.00000,  71.03127
  66.00000,  59.49578
  79.00000,  57.32338
 161.00000,  40.13655
  16.00000,  72.88694
  76.00000,  57.76129
  79.00000,  63.42531
  62.00000,  67.53928
 146.00000,  48.62362
  80.00000,  55.96551
 186.00000,  28.67095
 174.00000,  30.87993
  60.00000,  61.32597
 127.00000,  52.84465
  79.00000,  51.45415
  38.00000,  63.42904
   1.00000,  78.87922
